"species","year","tr0obs","col.ind.prev.year","growth.rate.dif"
"2",1976,2,NA,NA
"2",1977,1.79,2,-0.21
"2",1978,2.15,1.79,0.36
"2",1979,1.99,2.15,-0.16
"2",1980,2.05,1.99,0.0599999999999998
"2",1981,1.78,2.05,-0.27
"2",1982,2.54,1.78,0.76
"2",1983,1.93,2.54,-0.61
"2",1984,2.46,1.93,0.53
"2",1985,2.03,2.46,-0.43
"2",1986,1.7,2.03,-0.33
"2",1987,2.24,1.7,0.54
"2",1988,1.92,2.24,-0.32
"2",1989,2.05,1.92,0.13
"2",1990,2.03,2.05,-0.02
"2",1991,2.25,2.03,0.22
"2",1992,2.33,2.25,0.0800000000000001
"2",1993,1.74,2.33,-0.59
"2",1994,1.83,1.74,0.0900000000000001
"2",1995,2.1,1.83,0.27
"2",1996,2.13,2.1,0.0299999999999998
"2",1997,2.43,2.13,0.3
"2",1998,1.82,2.43,-0.61
"2",1999,1.62,1.82,-0.2
"2",2000,1.65,1.62,0.0299999999999998
"2",2001,1.81,1.65,0.16
"2",2002,1.89,1.81,0.0799999999999998
"2",2003,2.21,1.89,0.32
"2",2004,1.98,2.21,-0.23
"2",2005,1.58,1.98,-0.4
"2",2006,1.46,1.58,-0.12
"2",2007,1.47,1.46,0.01
"2",2008,1.25,1.47,-0.22
"2",2009,1.6,1.25,0.35
"2",2010,1.62,1.6,0.02
"2",2011,1.53,1.62,-0.0900000000000001
"2",2012,1.3,1.53,-0.23
"2",2013,1.84,1.3,0.54
"2",2014,2,1.84,0.16
"4",1976,2,NA,NA
"4",1977,1.87,2,-0.13
"4",1978,2.01,1.87,0.14
"4",1979,1.99,2.01,-0.0199999999999998
"4",1980,2.05,1.99,0.0599999999999998
"4",1981,2.01,2.05,-0.04
"4",1982,1.89,2.01,-0.12
"4",1983,1.98,1.89,0.0900000000000001
"4",1984,2.09,1.98,0.11
"4",1985,2.08,2.09,-0.00999999999999979
"4",1986,1.9,2.08,-0.18
"4",1987,2.1,1.9,0.2
"4",1988,1.94,2.1,-0.16
"4",1989,2.01,1.94,0.0699999999999998
"4",1990,2.25,2.01,0.24
"4",1991,2.18,2.25,-0.0699999999999998
"4",1992,2.09,2.18,-0.0900000000000003
"4",1993,2.14,2.09,0.0500000000000003
"4",1994,2,2.14,-0.14
"4",1995,2.02,2,0.02
"4",1996,2,2.02,-0.02
"4",1997,2.1,2,0.1
"4",1998,1.96,2.1,-0.14
"4",1999,1.98,1.96,0.02
"4",2000,2.03,1.98,0.0499999999999998
"4",2001,1.91,2.03,-0.12
"4",2002,2.08,1.91,0.17
"4",2003,1.95,2.08,-0.13
"4",2004,2.03,1.95,0.0799999999999998
"4",2005,2.02,2.03,-0.00999999999999979
"4",2006,1.95,2.02,-0.0700000000000001
"4",2007,1.94,1.95,-0.01
"4",2008,1.81,1.94,-0.13
"4",2009,2.04,1.81,0.23
"4",2010,2.12,2.04,0.0800000000000001
"4",2011,2.22,2.12,0.1
"4",2012,2.07,2.22,-0.15
"4",2013,1.99,2.07,-0.0799999999999998
"4",2014,2.16,1.99,0.17
"8",1976,2,NA,NA
"8",1977,1.66,2,-0.34
"8",1978,1.75,1.66,0.0900000000000001
"8",1979,2.1,1.75,0.35
"8",1980,2.3,2.1,0.2
"8",1981,2.42,2.3,0.12
"8",1982,2.61,2.42,0.19
"8",1983,2.59,2.61,-0.02
"8",1984,2.67,2.59,0.0800000000000001
"8",1985,2.6,2.67,-0.0699999999999998
"8",1986,2.7,2.6,0.1
"8",1987,2.73,2.7,0.0299999999999998
"8",1988,2.61,2.73,-0.12
"8",1989,2.58,2.61,-0.0299999999999998
"8",1990,2.54,2.58,-0.04
"8",1991,2.72,2.54,0.18
"8",1992,2.76,2.72,0.0399999999999996
"8",1993,2.67,2.76,-0.0899999999999999
"8",1994,2.71,2.67,0.04
"8",1995,2.71,2.71,0
"8",1996,2.51,2.71,-0.2
"8",1997,2.66,2.51,0.15
"8",1998,2.64,2.66,-0.02
"8",1999,2.75,2.64,0.11
"8",2000,2.79,2.75,0.04
"8",2001,2.67,2.79,-0.12
"8",2002,2.71,2.67,0.04
"8",2003,2.81,2.71,0.1
"8",2004,2.67,2.81,-0.14
"8",2005,2.68,2.67,0.0100000000000002
"8",2006,2.69,2.68,0.00999999999999979
"8",2007,2.62,2.69,-0.0699999999999998
"8",2008,2.75,2.62,0.13
"8",2009,2.87,2.75,0.12
"8",2010,2.83,2.87,-0.04
"8",2011,2.77,2.83,-0.0600000000000001
"8",2012,2.67,2.77,-0.1
"8",2013,2.85,2.67,0.18
"8",2014,2.97,2.85,0.12
"12",1976,2,NA,NA
"12",1977,1.42,2,-0.58
"12",1978,1.48,1.42,0.0600000000000001
"12",1979,1.31,1.48,-0.17
"12",1980,1.23,1.31,-0.0800000000000001
"12",1981,0.92,1.23,-0.31
"12",1982,1.12,0.92,0.2
"12",1983,1.02,1.12,-0.1
"12",1984,1.41,1.02,0.39
"12",1985,1.26,1.41,-0.15
"12",1986,1.31,1.26,0.05
"12",1987,1.38,1.31,0.0699999999999998
"12",1988,1.14,1.38,-0.24
"12",1989,1.06,1.14,-0.0799999999999998
"12",1990,1.13,1.06,0.0699999999999998
"12",1991,1.28,1.13,0.15
"12",1992,1.28,1.28,0
"12",1993,1.15,1.28,-0.13
"12",1994,1.25,1.15,0.1
"12",1995,1.52,1.25,0.27
"12",1996,1.58,1.52,0.0600000000000001
"12",1997,1.74,1.58,0.16
"12",1998,1.48,1.74,-0.26
"12",1999,1.43,1.48,-0.05
"12",2000,1.31,1.43,-0.12
"12",2001,1.35,1.31,0.04
"12",2002,1.32,1.35,-0.03
"12",2003,1.59,1.32,0.27
"12",2004,1.64,1.59,0.0499999999999998
"12",2005,1.62,1.64,-0.0199999999999998
"12",2006,1.77,1.62,0.15
"12",2007,1.64,1.77,-0.13
"12",2008,1.49,1.64,-0.15
"12",2009,1.62,1.49,0.13
"12",2010,1.7,1.62,0.0799999999999998
"12",2011,1.79,1.7,0.0900000000000001
"12",2012,1.58,1.79,-0.21
"12",2013,1.83,1.58,0.25
"12",2014,1.63,1.83,-0.2
"13",1978,2,NA,NA
"13",1979,2.03,2,0.0299999999999998
"13",1980,1.95,2.03,-0.0799999999999998
"13",1981,1.54,1.95,-0.41
"13",1982,2,1.54,0.46
"13",1983,1.88,2,-0.12
"13",1984,2.14,1.88,0.26
"13",1985,1.87,2.14,-0.27
"13",1986,2.14,1.87,0.27
"13",1987,2.49,2.14,0.35
"13",1988,2.35,2.49,-0.14
"13",1989,2.29,2.35,-0.0600000000000001
"13",1990,2.15,2.29,-0.14
"13",1991,1.86,2.15,-0.29
"13",1992,2.66,1.86,0.8
"13",1993,2.31,2.66,-0.35
"13",1994,2.53,2.31,0.22
"13",1995,2.81,2.53,0.28
"13",1996,2.41,2.81,-0.4
"13",1997,2.41,2.41,0
"13",1998,1.94,2.41,-0.47
"13",1999,2.02,1.94,0.0800000000000001
"13",2000,1.83,2.02,-0.19
"13",2001,2.15,1.83,0.32
"13",2002,1.71,2.15,-0.44
"13",2003,1.99,1.71,0.28
"13",2004,2.25,1.99,0.26
"13",2005,1.79,2.25,-0.46
"13",2006,1.82,1.79,0.03
"13",2007,1.77,1.82,-0.05
"13",2008,1.56,1.77,-0.21
"13",2009,1.68,1.56,0.12
"13",2010,1.59,1.68,-0.0899999999999999
"13",2011,1.6,1.59,0.01
"13",2012,1.33,1.6,-0.27
"13",2013,1.69,1.33,0.36
"13",2014,2.14,1.69,0.45
"14",1976,2,NA,NA
"14",1977,2.03,2,0.0299999999999998
"14",1978,1.22,2.03,-0.81
"14",1979,1.44,1.22,0.22
"14",1980,1.3,1.44,-0.14
"14",1981,1.12,1.3,-0.18
"14",1982,1.3,1.12,0.18
"14",1983,0.94,1.3,-0.36
"14",1984,1.21,0.94,0.27
"14",1985,1.32,1.21,0.11
"14",1986,1.27,1.32,-0.05
"14",1987,1.54,1.27,0.27
"14",1988,1.07,1.54,-0.47
"14",1989,1.3,1.07,0.23
"14",1990,1.48,1.3,0.18
"14",1991,1.41,1.48,-0.0700000000000001
"14",1992,1.3,1.41,-0.11
"14",1993,1.32,1.3,0.02
"14",1994,1.16,1.32,-0.16
"14",1995,1.26,1.16,0.1
"14",1996,1.26,1.26,0
"14",1997,1.47,1.26,0.21
"14",1998,1.23,1.47,-0.24
"14",1999,0.88,1.23,-0.35
"14",2000,0.94,0.88,0.0599999999999999
"14",2001,1.01,0.94,0.0700000000000001
"14",2002,1.09,1.01,0.0800000000000001
"14",2003,1.15,1.09,0.0599999999999998
"14",2004,1.11,1.15,-0.0399999999999998
"14",2005,1.11,1.11,0
"14",2006,0.91,1.11,-0.2
"14",2007,1.07,0.91,0.16
"14",2008,0.73,1.07,-0.34
"14",2009,0.88,0.73,0.15
"14",2010,1.01,0.88,0.13
"14",2011,1.33,1.01,0.32
"14",2012,1.13,1.33,-0.2
"14",2013,1.01,1.13,-0.12
"14",2014,1.09,1.01,0.0800000000000001
"17",1976,2,NA,NA
"17",1977,1.35,2,-0.65
"17",1978,1.64,1.35,0.29
"17",1979,1.69,1.64,0.05
"17",1980,1.56,1.69,-0.13
"17",1981,1.5,1.56,-0.0600000000000001
"17",1982,1.68,1.5,0.18
"17",1983,1.56,1.68,-0.12
"17",1984,1.62,1.56,0.0600000000000001
"17",1985,1.54,1.62,-0.0800000000000001
"17",1986,1.66,1.54,0.12
"17",1987,1.78,1.66,0.12
"17",1988,1.56,1.78,-0.22
"17",1989,1.67,1.56,0.11
"17",1990,1.61,1.67,-0.0599999999999998
"17",1991,1.69,1.61,0.0799999999999998
"17",1992,1.87,1.69,0.18
"17",1993,1.63,1.87,-0.24
"17",1994,1.7,1.63,0.0700000000000001
"17",1995,1.86,1.7,0.16
"17",1996,1.95,1.86,0.0899999999999999
"17",1997,1.92,1.95,-0.03
"17",1998,1.5,1.92,-0.42
"17",1999,1.59,1.5,0.0900000000000001
"17",2000,1.54,1.59,-0.05
"17",2001,1.61,1.54,0.0700000000000001
"17",2002,1.67,1.61,0.0599999999999998
"17",2003,1.85,1.67,0.18
"17",2004,1.9,1.85,0.0499999999999998
"17",2005,1.9,1.9,0
"17",2006,2.18,1.9,0.28
"17",2007,1.81,2.18,-0.37
"17",2008,1.75,1.81,-0.0600000000000001
"17",2009,1.95,1.75,0.2
"17",2010,2.11,1.95,0.16
"17",2011,1.96,2.11,-0.15
"17",2012,1.71,1.96,-0.25
"17",2013,2.02,1.71,0.31
"17",2014,2.04,2.02,0.02
"18",1976,2,NA,NA
"18",1977,1.88,2,-0.12
"18",1978,1.72,1.88,-0.16
"18",1979,1.55,1.72,-0.17
"18",1980,1.36,1.55,-0.19
"18",1981,1.28,1.36,-0.0800000000000001
"18",1982,1.53,1.28,0.25
"18",1983,1.36,1.53,-0.17
"18",1984,1.65,1.36,0.29
"18",1985,1.65,1.65,0
"18",1986,1.47,1.65,-0.18
"18",1987,1.58,1.47,0.11
"18",1988,1.39,1.58,-0.19
"18",1989,1.63,1.39,0.24
"18",1990,1.68,1.63,0.05
"18",1991,1.4,1.68,-0.28
"18",1992,1.64,1.4,0.24
"18",1993,1.5,1.64,-0.14
"18",1994,1.54,1.5,0.04
"18",1995,1.54,1.54,0
"18",1996,1.49,1.54,-0.05
"18",1997,1.52,1.49,0.03
"18",1998,1.24,1.52,-0.28
"18",1999,1.2,1.24,-0.04
"18",2000,1.13,1.2,-0.0700000000000001
"18",2001,1.29,1.13,0.16
"18",2002,1.28,1.29,-0.01
"18",2003,1.34,1.28,0.0600000000000001
"18",2004,1.39,1.34,0.0499999999999998
"18",2005,1.4,1.39,0.01
"18",2006,1.34,1.4,-0.0599999999999998
"18",2007,1.33,1.34,-0.01
"18",2008,1.26,1.33,-0.0700000000000001
"18",2009,1.3,1.26,0.04
"18",2010,1.45,1.3,0.15
"18",2011,1.52,1.45,0.0700000000000001
"18",2012,1.33,1.52,-0.19
"18",2013,1.35,1.33,0.02
"18",2014,1.32,1.35,-0.03
"20",1976,2,NA,NA
"20",1977,1.66,2,-0.34
"20",1978,1.52,1.66,-0.14
"20",1979,1.61,1.52,0.0900000000000001
"20",1980,1.49,1.61,-0.12
"20",1981,1.36,1.49,-0.13
"20",1982,1.81,1.36,0.45
"20",1983,1.68,1.81,-0.13
"20",1984,1.77,1.68,0.0900000000000001
"20",1985,1.43,1.77,-0.34
"20",1986,1.32,1.43,-0.11
"20",1987,1.13,1.32,-0.19
"20",1988,1.25,1.13,0.12
"20",1989,1.5,1.25,0.25
"20",1990,1.58,1.5,0.0800000000000001
"20",1991,1.57,1.58,-0.01
"20",1992,1.38,1.57,-0.19
"20",1993,1.24,1.38,-0.14
"20",1994,1.56,1.24,0.32
"20",1995,1.79,1.56,0.23
"20",1996,1.98,1.79,0.19
"20",1997,1.78,1.98,-0.2
"20",1998,1.32,1.78,-0.46
"20",1999,1.51,1.32,0.19
"20",2000,1.64,1.51,0.13
"20",2001,1.4,1.64,-0.24
"20",2002,1.39,1.4,-0.01
"20",2003,1.55,1.39,0.16
"20",2004,1.57,1.55,0.02
"20",2005,1.58,1.57,0.01
"20",2006,1.69,1.58,0.11
"20",2007,1.32,1.69,-0.37
"20",2008,1.22,1.32,-0.1
"20",2009,1.51,1.22,0.29
"20",2010,1.77,1.51,0.26
"20",2011,1.63,1.77,-0.14
"20",2012,0.99,1.63,-0.64
"20",2013,1.52,0.99,0.53
"20",2014,1.65,1.52,0.13
"21",1979,2,NA,NA
"21",1980,1.78,2,-0.22
"21",1981,1.02,1.78,-0.76
"21",1982,1.85,1.02,0.83
"21",1983,1.93,1.85,0.0799999999999998
"21",1984,1.75,1.93,-0.18
"21",1985,1.33,1.75,-0.42
"21",1986,1.8,1.33,0.47
"21",1987,1.87,1.8,0.0700000000000001
"21",1988,2.04,1.87,0.17
"21",1989,2.11,2.04,0.0699999999999998
"21",1990,1.93,2.11,-0.18
"21",1991,1.77,1.93,-0.16
"21",1992,2.14,1.77,0.37
"21",1993,2.07,2.14,-0.0700000000000003
"21",1994,2.08,2.07,0.0100000000000002
"21",1995,1.94,2.08,-0.14
"21",1996,1.7,1.94,-0.24
"21",1997,1.83,1.7,0.13
"21",1998,1.77,1.83,-0.0600000000000001
"21",1999,1.69,1.77,-0.0800000000000001
"21",2000,1.85,1.69,0.16
"21",2001,1.69,1.85,-0.16
"21",2002,1.66,1.69,-0.03
"21",2003,1.75,1.66,0.0900000000000001
"21",2004,1.63,1.75,-0.12
"21",2005,1.58,1.63,-0.0499999999999998
"21",2006,1.62,1.58,0.04
"21",2007,1.24,1.62,-0.38
"21",2008,1.55,1.24,0.31
"21",2009,1.61,1.55,0.0600000000000001
"21",2010,1.58,1.61,-0.03
"21",2011,1.64,1.58,0.0599999999999998
"21",2012,1.45,1.64,-0.19
"21",2013,1.52,1.45,0.0700000000000001
"21",2014,1.55,1.52,0.03
"23",1976,2,NA,NA
"23",1977,1.98,2,-0.02
"23",1978,1.98,1.98,0
"23",1979,1.93,1.98,-0.05
"23",1980,2.15,1.93,0.22
"23",1981,1.89,2.15,-0.26
"23",1982,2.2,1.89,0.31
"23",1983,2,2.2,-0.2
"23",1984,2.2,2,0.2
"23",1985,2.23,2.2,0.0299999999999998
"23",1986,1.92,2.23,-0.31
"23",1987,1.92,1.92,0
"23",1988,2.32,1.92,0.4
"23",1989,1.71,2.32,-0.61
"23",1990,2.04,1.71,0.33
"23",1991,1.85,2.04,-0.19
"23",1992,2.01,1.85,0.16
"23",1993,2.16,2.01,0.15
"23",1994,2.08,2.16,-0.0800000000000001
"23",1995,2.08,2.08,0
"23",1996,1.92,2.08,-0.16
"23",1997,2.06,1.92,0.14
"23",1998,1.9,2.06,-0.16
"23",1999,1.94,1.9,0.04
"23",2000,2.08,1.94,0.14
"23",2001,1.91,2.08,-0.17
"23",2002,1.9,1.91,-0.01
"23",2003,1.8,1.9,-0.0999999999999999
"23",2004,1.89,1.8,0.0899999999999999
"23",2005,2,1.89,0.11
"23",2006,1.97,2,-0.03
"23",2007,1.92,1.97,-0.05
"23",2008,1.71,1.92,-0.21
"23",2009,1.87,1.71,0.16
"23",2010,1.96,1.87,0.0899999999999999
"23",2011,2.09,1.96,0.13
"23",2012,1.55,2.09,-0.54
"23",2013,1.75,1.55,0.2
"23",2014,1.93,1.75,0.18
"25",1989,2,NA,NA
"25",1990,2.38,2,0.38
"25",1991,2.2,2.38,-0.18
"25",1992,2.22,2.2,0.02
"25",1994,2.17,2.22,-0.0500000000000003
"25",1995,2.17,2.17,0
"25",1996,2.17,2.17,0
"25",1997,10.1,2.17,7.93
"25",1998,10.2,10.1,0.0999999999999996
"25",1999,10.3,10.2,0.100000000000001
"25",2000,9.85,10.3,-0.450000000000001
"25",2001,2.17,9.85,-7.68
"25",2002,2.15,2.17,-0.02
"25",2003,2.18,2.15,0.0300000000000002
"25",2004,2.01,2.18,-0.17
"25",2005,2.08,2.01,0.0700000000000003
"25",2006,1.95,2.08,-0.13
"25",2007,1.9,1.95,-0.05
"25",2008,1.8,1.9,-0.0999999999999999
"25",2009,1.86,1.8,0.0600000000000001
"25",2010,2.07,1.86,0.21
"25",2011,1.84,2.07,-0.23
"25",2012,1.79,1.84,-0.05
"25",2013,1.48,1.79,-0.31
"25",2014,1.08,1.48,-0.4
"27",1976,2,NA,NA
"27",1977,1.86,2,-0.14
"27",1978,1.64,1.86,-0.22
"27",1979,1.77,1.64,0.13
"27",1980,1.48,1.77,-0.29
"27",1981,0.96,1.48,-0.52
"27",1982,1.25,0.96,0.29
"27",1983,1.47,1.25,0.22
"27",1984,1.89,1.47,0.42
"27",1985,1.89,1.89,0
"27",1986,1.08,1.89,-0.81
"27",1987,0.9,1.08,-0.18
"27",1988,0.87,0.9,-0.03
"27",1989,2.05,0.87,1.18
"27",1990,2.56,2.05,0.51
"27",1991,2.44,2.56,-0.12
"27",1992,2.01,2.44,-0.43
"27",1993,1.06,2.01,-0.95
"27",1994,0.9,1.06,-0.16
"27",1995,1.37,0.9,0.47
"27",1996,2.19,1.37,0.82
"27",1997,2.14,2.19,-0.0499999999999998
"27",1998,2.17,2.14,0.0299999999999998
"27",1999,1.65,2.17,-0.52
"27",2000,1.47,1.65,-0.18
"27",2001,1.78,1.47,0.31
"27",2002,1.93,1.78,0.15
"27",2003,1.6,1.93,-0.33
"27",2004,1.98,1.6,0.38
"27",2005,1.85,1.98,-0.13
"27",2006,1.7,1.85,-0.15
"27",2007,1.93,1.7,0.23
"27",2008,1.76,1.93,-0.17
"27",2009,1.4,1.76,-0.36
"27",2010,1.84,1.4,0.44
"27",2011,1.79,1.84,-0.05
"27",2012,1.62,1.79,-0.17
"27",2013,1.48,1.62,-0.14
"27",2014,1.38,1.48,-0.1
"29",1976,2,NA,NA
"29",1977,1.68,2,-0.32
"29",1978,1.66,1.68,-0.02
"29",1979,1.7,1.66,0.04
"29",1980,1.69,1.7,-0.01
"29",1981,1.6,1.69,-0.0899999999999999
"29",1982,1.79,1.6,0.19
"29",1983,1.7,1.79,-0.0900000000000001
"29",1984,1.77,1.7,0.0700000000000001
"29",1985,1.62,1.77,-0.15
"29",1986,1.77,1.62,0.15
"29",1987,1.77,1.77,0
"29",1988,1.68,1.77,-0.0900000000000001
"29",1989,1.93,1.68,0.25
"29",1990,1.87,1.93,-0.0599999999999998
"29",1991,1.67,1.87,-0.2
"29",1992,1.62,1.67,-0.0499999999999998
"29",1993,1.35,1.62,-0.27
"29",1994,1.43,1.35,0.0799999999999998
"29",1995,1.56,1.43,0.13
"29",1996,1.75,1.56,0.19
"29",1997,1.81,1.75,0.0600000000000001
"29",1998,1.56,1.81,-0.25
"29",1999,1.44,1.56,-0.12
"29",2000,1.31,1.44,-0.13
"29",2001,1.33,1.31,0.02
"29",2002,1.28,1.33,-0.05
"29",2003,1.67,1.28,0.39
"29",2004,1.71,1.67,0.04
"29",2005,1.62,1.71,-0.0899999999999999
"29",2006,1.56,1.62,-0.0600000000000001
"29",2007,1.3,1.56,-0.26
"29",2008,1.29,1.3,-0.01
"29",2009,1.42,1.29,0.13
"29",2010,1.61,1.42,0.19
"29",2011,1.66,1.61,0.0499999999999998
"29",2012,1.5,1.66,-0.16
"29",2013,1.59,1.5,0.0900000000000001
"29",2014,1.47,1.59,-0.12
"30",1990,2,NA,NA
"30",1991,1.69,2,-0.31
"30",1992,2.07,1.69,0.38
"30",1993,1.87,2.07,-0.2
"30",1994,2.01,1.87,0.14
"30",1995,1.93,2.01,-0.0799999999999998
"30",1996,2.1,1.93,0.17
"30",1997,2.05,2.1,-0.0500000000000003
"30",1998,1.7,2.05,-0.35
"30",1999,1.98,1.7,0.28
"30",2000,2.23,1.98,0.25
"30",2001,2.22,2.23,-0.00999999999999979
"30",2002,1.96,2.22,-0.26
"30",2003,2.27,1.96,0.31
"30",2004,2.4,2.27,0.13
"30",2005,2.39,2.4,-0.00999999999999979
"30",2006,2.47,2.39,0.0800000000000001
"30",2007,2.37,2.47,-0.1
"30",2008,2.17,2.37,-0.2
"30",2009,2.53,2.17,0.36
"30",2010,2.59,2.53,0.0600000000000001
"30",2011,2.64,2.59,0.0500000000000003
"30",2012,2.14,2.64,-0.5
"30",2013,1.97,2.14,-0.17
"30",2014,2.21,1.97,0.24
"34",1979,2,NA,NA
"34",1980,3.04,2,1.04
"34",1981,2.84,3.04,-0.2
"34",1982,2.87,2.84,0.0300000000000002
"34",1983,4.45,2.87,1.58
"34",1984,3.16,4.45,-1.29
"34",1985,2.39,3.16,-0.77
"34",1986,2.27,2.39,-0.12
"34",1987,1.98,2.27,-0.29
"34",1988,1.6,1.98,-0.38
"34",1989,3,1.6,1.4
"34",1990,3.08,3,0.0800000000000001
"34",1991,2.15,3.08,-0.93
"34",1992,3.98,2.15,1.83
"34",1993,1.86,3.98,-2.12
"34",1994,3.66,1.86,1.8
"34",1995,1.46,3.66,-2.2
"34",1996,4.23,1.46,2.77
"34",1997,2.34,4.23,-1.89
"34",1998,3.7,2.34,1.36
"34",1999,2.65,3.7,-1.05
"34",2000,4.49,2.65,1.84
"34",2001,2.5,4.49,-1.99
"34",2002,3.81,2.5,1.31
"34",2003,3.9,3.81,0.0899999999999999
"34",2004,3.71,3.9,-0.19
"34",2005,3.68,3.71,-0.0299999999999998
"34",2006,4.26,3.68,0.58
"34",2007,3.58,4.26,-0.68
"34",2008,2.52,3.58,-1.06
"34",2009,3.55,2.52,1.03
"34",2010,2.69,3.55,-0.86
"34",2011,2.77,2.69,0.0800000000000001
"34",2012,2.56,2.77,-0.21
"34",2013,4.02,2.56,1.46
"34",2014,3.78,4.02,-0.24
"36",1978,2,NA,NA
"36",1979,2.08,2,0.0800000000000001
"36",1980,2.02,2.08,-0.0600000000000001
"36",1981,1.56,2.02,-0.46
"36",1982,1.52,1.56,-0.04
"36",1983,1.52,1.52,0
"36",1984,2.08,1.52,0.56
"36",1985,2.16,2.08,0.0800000000000001
"36",1986,2.5,2.16,0.34
"36",1987,2.47,2.5,-0.0299999999999998
"36",1988,2.29,2.47,-0.18
"36",1989,2.27,2.29,-0.02
"36",1990,2.14,2.27,-0.13
"36",1991,1.98,2.14,-0.16
"36",1992,2.19,1.98,0.21
"36",1993,2.1,2.19,-0.0899999999999999
"36",1994,2.31,2.1,0.21
"36",1995,1.87,2.31,-0.44
"36",1996,1.69,1.87,-0.18
"36",1997,1.78,1.69,0.0900000000000001
"36",1998,1.91,1.78,0.13
"36",1999,2.1,1.91,0.19
"36",2000,2.09,2.1,-0.0100000000000002
"36",2001,1.99,2.09,-0.0999999999999999
"36",2002,1.75,1.99,-0.24
"36",2003,2.02,1.75,0.27
"36",2004,2.21,2.02,0.19
"36",2005,2.19,2.21,-0.02
"36",2006,2.12,2.19,-0.0699999999999998
"36",2007,1.86,2.12,-0.26
"36",2008,1.86,1.86,0
"36",2009,2.2,1.86,0.34
"36",2010,2.14,2.2,-0.0600000000000001
"36",2011,2.26,2.14,0.12
"36",2012,1.91,2.26,-0.35
"36",2013,1.96,1.91,0.05
"36",2014,1.9,1.96,-0.0600000000000001
"42",1979,2,NA,NA
"42",1980,2.46,2,0.46
"42",1981,2.47,2.46,0.0100000000000002
"42",1982,2.69,2.47,0.22
"42",1983,2.29,2.69,-0.4
"42",1984,2.45,2.29,0.16
"42",1985,2.95,2.45,0.5
"42",1986,2.93,2.95,-0.02
"42",1987,3.09,2.93,0.16
"42",1988,3,3.09,-0.0899999999999999
"42",1989,2.82,3,-0.18
"42",1990,2.84,2.82,0.02
"42",1991,3.02,2.84,0.18
"42",1992,2.92,3.02,-0.1
"42",1993,2.91,2.92,-0.00999999999999979
"42",1994,3.13,2.91,0.22
"42",1995,2.98,3.13,-0.15
"42",1996,2.98,2.98,0
"42",1997,2.96,2.98,-0.02
"42",1998,2.87,2.96,-0.0899999999999999
"42",1999,2.92,2.87,0.0499999999999998
"42",2000,3,2.92,0.0800000000000001
"42",2001,2.99,3,-0.00999999999999979
"42",2002,2.94,2.99,-0.0500000000000003
"42",2003,3.08,2.94,0.14
"42",2004,3,3.08,-0.0800000000000001
"42",2005,2.97,3,-0.0299999999999998
"42",2006,2.91,2.97,-0.0600000000000001
"42",2007,2.68,2.91,-0.23
"42",2008,2.76,2.68,0.0799999999999996
"42",2009,2.89,2.76,0.13
"42",2010,2.99,2.89,0.1
"42",2011,2.99,2.99,0
"42",2012,3.1,2.99,0.11
"42",2013,2.99,3.1,-0.11
"42",2014,2.76,2.99,-0.23
"46",1976,2,NA,NA
"46",1977,1.59,2,-0.41
"46",1978,1.77,1.59,0.18
"46",1979,1.96,1.77,0.19
"46",1980,1.94,1.96,-0.02
"46",1981,1.77,1.94,-0.17
"46",1982,1.93,1.77,0.16
"46",1983,1.93,1.93,0
"46",1984,1.97,1.93,0.04
"46",1985,1.97,1.97,0
"46",1986,1.84,1.97,-0.13
"46",1987,1.95,1.84,0.11
"46",1988,2.02,1.95,0.0700000000000001
"46",1989,1.82,2.02,-0.2
"46",1990,1.99,1.82,0.17
"46",1991,1.8,1.99,-0.19
"46",1992,1.83,1.8,0.03
"46",1993,1.83,1.83,0
"46",1994,1.74,1.83,-0.0900000000000001
"46",1995,1.86,1.74,0.12
"46",1996,1.7,1.86,-0.16
"46",1997,1.99,1.7,0.29
"46",1998,1.8,1.99,-0.19
"46",1999,1.77,1.8,-0.03
"46",2000,1.74,1.77,-0.03
"46",2001,1.69,1.74,-0.05
"46",2002,1.81,1.69,0.12
"46",2003,1.78,1.81,-0.03
"46",2004,1.77,1.78,-0.01
"46",2005,1.82,1.77,0.05
"46",2006,1.7,1.82,-0.12
"46",2007,1.75,1.7,0.05
"46",2008,1.63,1.75,-0.12
"46",2009,1.77,1.63,0.14
"46",2010,1.9,1.77,0.13
"46",2011,1.99,1.9,0.0900000000000001
"46",2012,1.86,1.99,-0.13
"46",2013,1.83,1.86,-0.03
"46",2014,1.94,1.83,0.11
"48",1976,2,NA,NA
"48",1977,1.8,2,-0.2
"48",1978,2.01,1.8,0.21
"48",1979,1.9,2.01,-0.11
"48",1980,1.78,1.9,-0.12
"48",1981,1.77,1.78,-0.01
"48",1982,2.13,1.77,0.36
"48",1983,2.07,2.13,-0.0600000000000001
"48",1984,2.08,2.07,0.0100000000000002
"48",1985,1.56,2.08,-0.52
"48",1986,1.5,1.56,-0.0600000000000001
"48",1987,1.55,1.5,0.05
"48",1988,1.62,1.55,0.0700000000000001
"48",1989,1.73,1.62,0.11
"48",1990,1.78,1.73,0.05
"48",1991,1.84,1.78,0.0600000000000001
"48",1992,1.82,1.84,-0.02
"48",1993,1.65,1.82,-0.17
"48",1994,1.68,1.65,0.03
"48",1995,1.74,1.68,0.0600000000000001
"48",1996,1.7,1.74,-0.04
"48",1997,1.78,1.7,0.0800000000000001
"48",1998,1.66,1.78,-0.12
"48",1999,1.74,1.66,0.0800000000000001
"48",2000,1.71,1.74,-0.03
"48",2001,1.67,1.71,-0.04
"48",2002,1.5,1.67,-0.17
"48",2003,1.54,1.5,0.04
"48",2004,1.47,1.54,-0.0700000000000001
"48",2005,1.65,1.47,0.18
"48",2006,1.7,1.65,0.05
"48",2007,1.33,1.7,-0.37
"48",2008,1.46,1.33,0.13
"48",2009,1.67,1.46,0.21
"48",2010,1.78,1.67,0.11
"48",2011,1.6,1.78,-0.18
"48",2012,1.49,1.6,-0.11
"48",2013,1.66,1.49,0.17
"48",2014,1.61,1.66,-0.0499999999999998
"50",1981,2,NA,NA
"50",1982,3.22,2,1.22
"50",1983,3.02,3.22,-0.2
"50",1984,2.68,3.02,-0.34
"50",1985,2.17,2.68,-0.51
"50",1986,2.03,2.17,-0.14
"50",1987,2.27,2.03,0.24
"50",1988,2.25,2.27,-0.02
"50",1989,2.27,2.25,0.02
"50",1990,2.58,2.27,0.31
"50",1991,2.72,2.58,0.14
"50",1992,2.69,2.72,-0.0300000000000002
"50",1993,2.77,2.69,0.0800000000000001
"50",1994,2.84,2.77,0.0699999999999998
"50",1995,2.35,2.84,-0.49
"50",1996,2.43,2.35,0.0800000000000001
"50",1997,2.37,2.43,-0.0600000000000001
"50",1998,2.08,2.37,-0.29
"50",1999,2.55,2.08,0.47
"50",2000,2.76,2.55,0.21
"50",2001,2.96,2.76,0.2
"50",2002,2.44,2.96,-0.52
"50",2003,2.47,2.44,0.0300000000000002
"50",2004,2.5,2.47,0.0299999999999998
"50",2005,2.68,2.5,0.18
"50",2006,2.87,2.68,0.19
"50",2007,2.57,2.87,-0.3
"50",2008,2.15,2.57,-0.42
"50",2009,2.55,2.15,0.4
"50",2010,2.89,2.55,0.34
"50",2011,2.43,2.89,-0.46
"50",2012,1.93,2.43,-0.5
"50",2013,2.4,1.93,0.47
"50",2014,2.44,2.4,0.04
"54",1976,2,NA,NA
"54",1977,1.96,2,-0.04
"54",1978,1.86,1.96,-0.0999999999999999
"54",1979,1.84,1.86,-0.02
"54",1980,1.84,1.84,0
"54",1981,1.75,1.84,-0.0900000000000001
"54",1982,1.94,1.75,0.19
"54",1983,1.93,1.94,-0.01
"54",1984,2,1.93,0.0700000000000001
"54",1985,1.98,2,-0.02
"54",1986,1.75,1.98,-0.23
"54",1987,1.67,1.75,-0.0800000000000001
"54",1988,1.83,1.67,0.16
"54",1989,1.78,1.83,-0.05
"54",1990,1.83,1.78,0.05
"54",1991,1.99,1.83,0.16
"54",1992,2.03,1.99,0.0399999999999998
"54",1993,1.86,2.03,-0.17
"54",1994,1.75,1.86,-0.11
"54",1995,1.86,1.75,0.11
"54",1996,2.02,1.86,0.16
"54",1997,1.94,2.02,-0.0800000000000001
"54",1998,1.85,1.94,-0.0899999999999999
"54",1999,1.84,1.85,-0.01
"54",2000,1.97,1.84,0.13
"54",2001,1.87,1.97,-0.0999999999999999
"54",2002,1.84,1.87,-0.03
"54",2003,1.83,1.84,-0.01
"54",2004,1.97,1.83,0.14
"54",2005,1.96,1.97,-0.01
"54",2006,1.96,1.96,0
"54",2007,1.92,1.96,-0.04
"54",2008,1.78,1.92,-0.14
"54",2009,1.89,1.78,0.11
"54",2010,1.84,1.89,-0.0499999999999998
"54",2011,1.86,1.84,0.02
"54",2012,1.65,1.86,-0.21
"54",2013,1.97,1.65,0.32
"54",2014,2.06,1.97,0.0900000000000001
"56",1979,2,NA,NA
"56",1980,2.01,2,0.00999999999999979
"56",1982,1.62,2.01,-0.39
"56",1983,1.83,1.62,0.21
"56",1984,1.88,1.83,0.0499999999999998
"56",1985,1.74,1.88,-0.14
"56",1986,1.59,1.74,-0.15
"56",1987,1.82,1.59,0.23
"56",1988,1.79,1.82,-0.03
"56",1989,1.87,1.79,0.0800000000000001
"56",1990,2.14,1.87,0.27
"56",1991,2.13,2.14,-0.0100000000000002
"56",1992,2.08,2.13,-0.0499999999999998
"56",1993,1.82,2.08,-0.26
"56",1994,1.72,1.82,-0.1
"56",1995,1.85,1.72,0.13
"56",1996,1.78,1.85,-0.0700000000000001
"56",1997,1.89,1.78,0.11
"56",1998,1.89,1.89,0
"56",1999,1.74,1.89,-0.15
"56",2000,1.84,1.74,0.1
"56",2001,1.86,1.84,0.02
"56",2002,1.73,1.86,-0.13
"56",2003,1.56,1.73,-0.17
"56",2004,1.67,1.56,0.11
"56",2005,1.64,1.67,-0.03
"56",2006,1.63,1.64,-0.01
"56",2007,1.55,1.63,-0.0799999999999998
"56",2008,1.57,1.55,0.02
"56",2009,1.65,1.57,0.0799999999999998
"56",2010,1.71,1.65,0.0600000000000001
"56",2011,1.91,1.71,0.2
"56",2012,1.68,1.91,-0.23
"56",2013,1.7,1.68,0.02
"56",2014,1.8,1.7,0.1
"58",1979,2,NA,NA
"58",1980,2.57,2,0.57
"58",1981,2.25,2.57,-0.32
"58",1982,1.85,2.25,-0.4
"58",1983,2.23,1.85,0.38
"58",1984,2.79,2.23,0.56
"58",1985,2.35,2.79,-0.44
"58",1986,2.2,2.35,-0.15
"58",1987,2.36,2.2,0.16
"58",1988,2.18,2.36,-0.18
"58",1989,2.51,2.18,0.33
"58",1990,2.67,2.51,0.16
"58",1991,2.79,2.67,0.12
"58",1992,2.66,2.79,-0.13
"58",1993,2.63,2.66,-0.0300000000000002
"58",1994,2.55,2.63,-0.0800000000000001
"58",1995,2.88,2.55,0.33
"58",1996,2.86,2.88,-0.02
"58",1997,3.16,2.86,0.3
"58",1998,3.13,3.16,-0.0300000000000002
"58",1999,3.2,3.13,0.0700000000000003
"58",2000,3.02,3.2,-0.18
"58",2001,2.97,3.02,-0.0499999999999998
"58",2002,2.87,2.97,-0.1
"58",2003,3.16,2.87,0.29
"58",2004,3.12,3.16,-0.04
"58",2005,3.14,3.12,0.02
"58",2006,3.17,3.14,0.0299999999999998
"58",2007,2.95,3.17,-0.22
"58",2008,2.73,2.95,-0.22
"58",2009,2.84,2.73,0.11
"58",2010,3.11,2.84,0.27
"58",2011,3.05,3.11,-0.0600000000000001
"58",2012,2.79,3.05,-0.26
"58",2013,3.17,2.79,0.38
"58",2014,3.18,3.17,0.0100000000000002
"62",1979,2,NA,NA
"62",1980,2,2,0
"62",1981,1.01,2,-0.99
"62",1982,1.35,1.01,0.34
"62",1983,1.17,1.35,-0.18
"62",1984,1.34,1.17,0.17
"62",1985,1.4,1.34,0.0599999999999998
"62",1986,0.36,1.4,-1.04
"62",1987,0.71,0.36,0.35
"62",1988,0.34,0.71,-0.37
"62",1989,0.74,0.34,0.4
"62",1990,1.04,0.74,0.3
"62",1991,0.84,1.04,-0.2
"62",1992,0.97,0.84,0.13
"62",1993,0.69,0.97,-0.28
"62",1994,0.81,0.69,0.12
"62",1995,0.9,0.81,0.09
"62",1996,0.8,0.9,-0.1
"62",1997,0.83,0.8,0.0299999999999999
"62",1998,0.67,0.83,-0.16
"62",1999,0.62,0.67,-0.05
"62",2000,0.77,0.62,0.15
"62",2001,0.6,0.77,-0.17
"62",2002,0.83,0.6,0.23
"62",2003,0.9,0.83,0.0700000000000001
"62",2004,1.01,0.9,0.11
"62",2005,0.94,1.01,-0.0700000000000001
"62",2006,0.31,0.94,-0.63
"62",2007,0.61,0.31,0.3
"62",2008,0.13,0.61,-0.48
"62",2009,0.08,0.13,-0.05
"62",2010,0.93,0.08,0.85
"62",2011,0.79,0.93,-0.14
"62",2012,0.32,0.79,-0.47
"62",2013,0.45,0.32,0.13
"62",2014,0.52,0.45,0.07
"64",1976,2,NA,NA
"64",1977,1.43,2,-0.57
"64",1978,1.69,1.43,0.26
"64",1979,1.86,1.69,0.17
"64",1980,1.35,1.86,-0.51
"64",1981,1.35,1.35,0
"64",1982,1.72,1.35,0.37
"64",1983,1.77,1.72,0.05
"64",1984,1.84,1.77,0.0700000000000001
"64",1985,1.75,1.84,-0.0900000000000001
"64",1986,1.68,1.75,-0.0700000000000001
"64",1987,1.63,1.68,-0.05
"64",1988,1.26,1.63,-0.37
"64",1989,1.26,1.26,0
"64",1990,1.23,1.26,-0.03
"64",1991,1.43,1.23,0.2
"64",1992,1.91,1.43,0.48
"64",1993,1.58,1.91,-0.33
"64",1994,1.5,1.58,-0.0800000000000001
"64",1995,1.51,1.5,0.01
"64",1996,1.65,1.51,0.14
"64",1997,1.44,1.65,-0.21
"64",1998,1.45,1.44,0.01
"64",1999,1.26,1.45,-0.19
"64",2000,1.26,1.26,0
"64",2001,1.21,1.26,-0.05
"64",2002,1.21,1.21,0
"64",2003,1.39,1.21,0.18
"64",2004,1.51,1.39,0.12
"64",2005,1.47,1.51,-0.04
"64",2006,1.66,1.47,0.19
"64",2007,1.39,1.66,-0.27
"64",2008,1.3,1.39,-0.0899999999999999
"64",2009,1.37,1.3,0.0700000000000001
"64",2010,1.62,1.37,0.25
"64",2011,1.32,1.62,-0.3
"64",2012,1.1,1.32,-0.22
"64",2013,1.32,1.1,0.22
"64",2014,1.39,1.32,0.0699999999999998
"68",1976,2,NA,NA
"68",1977,1.32,2,-0.68
"68",1978,1.5,1.32,0.18
"68",1979,1.81,1.5,0.31
"68",1980,1.58,1.81,-0.23
"68",1981,1.54,1.58,-0.04
"68",1982,1.79,1.54,0.25
"68",1983,1.74,1.79,-0.05
"68",1984,1.85,1.74,0.11
"68",1985,1.49,1.85,-0.36
"68",1986,1.69,1.49,0.2
"68",1987,1.65,1.69,-0.04
"68",1988,1.52,1.65,-0.13
"68",1989,2.04,1.52,0.52
"68",1990,1.95,2.04,-0.0900000000000001
"68",1991,1.88,1.95,-0.0700000000000001
"68",1992,1.75,1.88,-0.13
"68",1993,1.46,1.75,-0.29
"68",1994,1.61,1.46,0.15
"68",1995,1.88,1.61,0.27
"68",1996,1.85,1.88,-0.0299999999999998
"68",1997,1.88,1.85,0.0299999999999998
"68",1998,1.6,1.88,-0.28
"68",1999,1.44,1.6,-0.16
"68",2000,1.39,1.44,-0.05
"68",2001,1.42,1.39,0.03
"68",2002,1.4,1.42,-0.02
"68",2003,1.76,1.4,0.36
"68",2004,1.73,1.76,-0.03
"68",2005,1.49,1.73,-0.24
"68",2006,1.69,1.49,0.2
"68",2007,1.51,1.69,-0.18
"68",2008,1.38,1.51,-0.13
"68",2009,1.62,1.38,0.24
"68",2010,1.73,1.62,0.11
"68",2011,1.65,1.73,-0.0800000000000001
"68",2012,1.43,1.65,-0.22
"68",2013,1.52,1.43,0.0900000000000001
"68",2014,1.39,1.52,-0.13
"70",1979,2,NA,NA
"70",1980,2.16,2,0.16
"70",1981,1.9,2.16,-0.26
"70",1982,2.52,1.9,0.62
"70",1983,2.45,2.52,-0.0699999999999998
"70",1984,2.64,2.45,0.19
"70",1985,2.32,2.64,-0.32
"70",1986,2.47,2.32,0.15
"70",1987,1.95,2.47,-0.52
"70",1988,1.79,1.95,-0.16
"70",1989,2.15,1.79,0.36
"70",1990,2.49,2.15,0.34
"70",1991,2.26,2.49,-0.23
"70",1992,2.18,2.26,-0.0799999999999996
"70",1993,1.59,2.18,-0.59
"70",1994,2.01,1.59,0.42
"70",1995,1.96,2.01,-0.0499999999999998
"70",1996,2.65,1.96,0.69
"70",1997,2.68,2.65,0.0300000000000002
"70",1998,2.31,2.68,-0.37
"70",1999,2.26,2.31,-0.0500000000000003
"70",2000,2.36,2.26,0.1
"70",2001,2.16,2.36,-0.2
"70",2002,2.24,2.16,0.0800000000000001
"70",2003,2.72,2.24,0.48
"70",2004,2.6,2.72,-0.12
"70",2005,2.71,2.6,0.11
"70",2006,2.87,2.71,0.16
"70",2007,2.3,2.87,-0.57
"70",2008,2.39,2.3,0.0900000000000003
"70",2009,2.5,2.39,0.11
"70",2010,2.75,2.5,0.25
"70",2011,2.47,2.75,-0.28
"70",2012,2.44,2.47,-0.0300000000000002
"70",2013,2.65,2.44,0.21
"70",2014,2.3,2.65,-0.35
"71",1976,2,NA,NA
"71",1977,1.6,2,-0.4
"71",1978,1.77,1.6,0.17
"71",1979,1.93,1.77,0.16
"71",1980,1.8,1.93,-0.13
"71",1981,1.42,1.8,-0.38
"71",1982,1.68,1.42,0.26
"71",1983,1.65,1.68,-0.03
"71",1984,1.84,1.65,0.19
"71",1985,1.74,1.84,-0.1
"71",1986,1.93,1.74,0.19
"71",1987,1.84,1.93,-0.0899999999999999
"71",1988,1.75,1.84,-0.0900000000000001
"71",1989,1.83,1.75,0.0800000000000001
"71",1990,1.84,1.83,0.01
"71",1991,1.86,1.84,0.02
"71",1992,1.92,1.86,0.0599999999999998
"71",1993,1.74,1.92,-0.18
"71",1994,1.77,1.74,0.03
"71",1995,1.85,1.77,0.0800000000000001
"71",1996,1.98,1.85,0.13
"71",1997,1.99,1.98,0.01
"71",1998,1.83,1.99,-0.16
"71",1999,1.95,1.83,0.12
"71",2000,1.76,1.95,-0.19
"71",2001,1.64,1.76,-0.12
"71",2002,1.6,1.64,-0.0399999999999998
"71",2003,1.79,1.6,0.19
"71",2004,1.77,1.79,-0.02
"71",2005,1.92,1.77,0.15
"71",2006,1.98,1.92,0.0600000000000001
"71",2007,1.5,1.98,-0.48
"71",2008,1.64,1.5,0.14
"71",2009,1.66,1.64,0.02
"71",2010,1.93,1.66,0.27
"71",2011,1.84,1.93,-0.0899999999999999
"71",2012,1.91,1.84,0.0699999999999998
"71",2013,2.15,1.91,0.24
"71",2014,1.81,2.15,-0.34
"75",1976,2,NA,NA
"75",1977,1.97,2,-0.03
"75",1978,2.05,1.97,0.0799999999999998
"75",1979,2.17,2.05,0.12
"75",1980,2.1,2.17,-0.0699999999999998
"75",1981,2.12,2.1,0.02
"75",1982,2.27,2.12,0.15
"75",1983,2.18,2.27,-0.0899999999999999
"75",1984,2.24,2.18,0.0600000000000001
"75",1985,2.09,2.24,-0.15
"75",1986,2.05,2.09,-0.04
"75",1987,2.01,2.05,-0.04
"75",1988,2.08,2.01,0.0700000000000003
"75",1989,2.12,2.08,0.04
"75",1990,2.16,2.12,0.04
"75",1991,2.34,2.16,0.18
"75",1992,2.37,2.34,0.0300000000000002
"75",1993,2.05,2.37,-0.32
"75",1994,2.06,2.05,0.0100000000000002
"75",1995,2.09,2.06,0.0299999999999998
"75",1996,2.15,2.09,0.0600000000000001
"75",1997,2.15,2.15,0
"75",1998,2.24,2.15,0.0900000000000003
"75",1999,2.25,2.24,0.00999999999999979
"75",2000,2.17,2.25,-0.0800000000000001
"75",2001,2.08,2.17,-0.0899999999999999
"75",2002,2.07,2.08,-0.0100000000000002
"75",2003,2.21,2.07,0.14
"75",2004,2.2,2.21,-0.00999999999999979
"75",2005,2.23,2.2,0.0299999999999998
"75",2006,2.16,2.23,-0.0699999999999998
"75",2007,2.06,2.16,-0.1
"75",2008,2.11,2.06,0.0499999999999998
"75",2009,2.05,2.11,-0.0600000000000001
"75",2010,1.95,2.05,-0.0999999999999999
"75",2011,2.04,1.95,0.0900000000000001
"75",2012,2.12,2.04,0.0800000000000001
"75",2013,2.14,2.12,0.02
"75",2014,2.11,2.14,-0.0300000000000002
"76",1976,2,NA,NA
"76",1977,1.86,2,-0.14
"76",1978,1.78,1.86,-0.0800000000000001
"76",1979,1.87,1.78,0.0900000000000001
"76",1980,1.74,1.87,-0.13
"76",1981,1.8,1.74,0.0600000000000001
"76",1982,2,1.8,0.2
"76",1983,1.99,2,-0.01
"76",1984,2.16,1.99,0.17
"76",1985,1.85,2.16,-0.31
"76",1986,1.69,1.85,-0.16
"76",1987,1.46,1.69,-0.23
"76",1988,1.49,1.46,0.03
"76",1989,1.65,1.49,0.16
"76",1990,1.86,1.65,0.21
"76",1991,2.06,1.86,0.2
"76",1992,2.08,2.06,0.02
"76",1993,1.77,2.08,-0.31
"76",1994,1.82,1.77,0.05
"76",1995,1.85,1.82,0.03
"76",1996,1.99,1.85,0.14
"76",1997,1.91,1.99,-0.0800000000000001
"76",1998,1.74,1.91,-0.17
"76",1999,1.82,1.74,0.0800000000000001
"76",2000,1.85,1.82,0.03
"76",2001,1.8,1.85,-0.05
"76",2002,1.75,1.8,-0.05
"76",2003,1.85,1.75,0.1
"76",2004,1.92,1.85,0.0699999999999998
"76",2005,1.91,1.92,-0.01
"76",2006,1.8,1.91,-0.11
"76",2007,1.59,1.8,-0.21
"76",2008,1.66,1.59,0.0699999999999998
"76",2009,1.67,1.66,0.01
"76",2010,1.66,1.67,-0.01
"76",2011,1.6,1.66,-0.0599999999999998
"76",2012,1.48,1.6,-0.12
"76",2013,1.6,1.48,0.12
"76",2014,1.69,1.6,0.0899999999999999
"78",1976,2,NA,NA
"78",1977,1.91,2,-0.0900000000000001
"78",1978,1.75,1.91,-0.16
"78",1979,1.95,1.75,0.2
"78",1980,2.03,1.95,0.0799999999999998
"78",1981,2.05,2.03,0.02
"78",1982,2.21,2.05,0.16
"78",1983,2.17,2.21,-0.04
"78",1984,2.37,2.17,0.2
"78",1985,2.31,2.37,-0.0600000000000001
"78",1986,2.27,2.31,-0.04
"78",1987,2.07,2.27,-0.2
"78",1988,1.88,2.07,-0.19
"78",1989,1.97,1.88,0.0900000000000001
"78",1990,2.09,1.97,0.12
"78",1991,2.32,2.09,0.23
"78",1992,2.34,2.32,0.02
"78",1993,2.18,2.34,-0.16
"78",1994,2.19,2.18,0.00999999999999979
"78",1995,2.12,2.19,-0.0699999999999998
"78",1996,2.32,2.12,0.2
"78",1997,2.37,2.32,0.0500000000000003
"78",1998,2.29,2.37,-0.0800000000000001
"78",1999,2.3,2.29,0.00999999999999979
"78",2000,2.3,2.3,0
"78",2001,2.17,2.3,-0.13
"78",2002,2.1,2.17,-0.0699999999999998
"78",2003,2.2,2.1,0.1
"78",2004,2.2,2.2,0
"78",2005,2.15,2.2,-0.0500000000000003
"78",2006,2.31,2.15,0.16
"78",2007,2.16,2.31,-0.15
"78",2008,2.04,2.16,-0.12
"78",2009,2.1,2.04,0.0600000000000001
"78",2010,2.04,2.1,-0.0600000000000001
"78",2011,2.12,2.04,0.0800000000000001
"78",2012,2.08,2.12,-0.04
"78",2013,2.24,2.08,0.16
"78",2014,2.4,2.24,0.16
"80",1981,2,NA,NA
"80",1982,2.37,2,0.37
"80",1983,2.17,2.37,-0.2
"80",1984,2.35,2.17,0.18
"80",1985,2.15,2.35,-0.2
"80",1986,1.99,2.15,-0.16
"80",1987,2.24,1.99,0.25
"80",1988,2.49,2.24,0.25
"80",1989,2.55,2.49,0.0599999999999996
"80",1990,2.51,2.55,-0.04
"80",1991,1.73,2.51,-0.78
"80",1992,2.52,1.73,0.79
"80",1993,2.24,2.52,-0.28
"80",1994,2.3,2.24,0.0599999999999996
"80",1995,2.31,2.3,0.0100000000000002
"80",1996,2.18,2.31,-0.13
"80",1997,2.11,2.18,-0.0700000000000003
"80",1998,1.64,2.11,-0.47
"80",1999,1.61,1.64,-0.0299999999999998
"80",2000,1.77,1.61,0.16
"80",2001,2.04,1.77,0.27
"80",2002,2.17,2.04,0.13
"80",2003,1.88,2.17,-0.29
"80",2004,2.06,1.88,0.18
"80",2005,1.73,2.06,-0.33
"80",2006,2.03,1.73,0.3
"80",2007,1.79,2.03,-0.24
"80",2008,1.91,1.79,0.12
"80",2009,1.57,1.91,-0.34
"80",2010,1.63,1.57,0.0599999999999998
"80",2011,1.61,1.63,-0.0199999999999998
"80",2012,1.32,1.61,-0.29
"80",2013,1.36,1.32,0.04
"80",2014,1.37,1.36,0.01
"84",1976,2,NA,NA
"84",1977,1.97,2,-0.03
"84",1978,2.26,1.97,0.29
"84",1979,2.34,2.26,0.0800000000000001
"84",1980,2.18,2.34,-0.16
"84",1981,2.08,2.18,-0.1
"84",1982,2.49,2.08,0.41
"84",1983,2.3,2.49,-0.19
"84",1984,2.41,2.3,0.11
"84",1985,2.43,2.41,0.02
"84",1986,2.12,2.43,-0.31
"84",1987,2.18,2.12,0.0600000000000001
"84",1988,2.24,2.18,0.0600000000000001
"84",1989,2.23,2.24,-0.0100000000000002
"84",1990,2.26,2.23,0.0299999999999998
"84",1991,2.37,2.26,0.11
"84",1992,2.65,2.37,0.28
"84",1993,2.34,2.65,-0.31
"84",1994,2.2,2.34,-0.14
"84",1995,2.29,2.2,0.0899999999999999
"84",1996,2.56,2.29,0.27
"84",1997,2.49,2.56,-0.0699999999999998
"84",1998,2.34,2.49,-0.15
"84",1999,2.33,2.34,-0.00999999999999979
"84",2000,2.41,2.33,0.0800000000000001
"84",2001,2.37,2.41,-0.04
"84",2002,2.32,2.37,-0.0500000000000003
"84",2003,2.24,2.32,-0.0799999999999996
"84",2004,2.19,2.24,-0.0500000000000003
"84",2005,2.22,2.19,0.0300000000000002
"84",2006,2.22,2.22,0
"84",2007,2.34,2.22,0.12
"84",2008,2.19,2.34,-0.15
"84",2009,2.38,2.19,0.19
"84",2010,2.24,2.38,-0.14
"84",2011,2.05,2.24,-0.19
"84",2012,1.98,2.05,-0.0699999999999998
"84",2013,2.45,1.98,0.47
"84",2014,2.46,2.45,0.00999999999999979
"88",1976,2,NA,NA
"88",1977,1.89,2,-0.11
"88",1978,2.02,1.89,0.13
"88",1979,2.05,2.02,0.0299999999999998
"88",1980,2.09,2.05,0.04
"88",1981,1.87,2.09,-0.22
"88",1982,2.21,1.87,0.34
"88",1983,2.21,2.21,0
"88",1984,2.43,2.21,0.22
"88",1985,2.21,2.43,-0.22
"88",1986,2.3,2.21,0.0899999999999999
"88",1987,2.28,2.3,-0.02
"88",1988,2.29,2.28,0.0100000000000002
"88",1989,2.21,2.29,-0.0800000000000001
"88",1990,2.1,2.21,-0.11
"88",1991,1.95,2.1,-0.15
"88",1992,2.3,1.95,0.35
"88",1993,2.27,2.3,-0.0299999999999998
"88",1994,2.33,2.27,0.0600000000000001
"88",1995,2.32,2.33,-0.0100000000000002
"88",1996,2.28,2.32,-0.04
"88",1997,2.23,2.28,-0.0499999999999998
"88",1998,2.06,2.23,-0.17
"88",1999,2.07,2.06,0.00999999999999979
"88",2000,2.1,2.07,0.0300000000000002
"88",2001,2.05,2.1,-0.0500000000000003
"88",2002,2.12,2.05,0.0700000000000003
"88",2003,2.14,2.12,0.02
"88",2004,2.09,2.14,-0.0500000000000003
"88",2005,2.02,2.09,-0.0699999999999998
"88",2006,2.07,2.02,0.0499999999999998
"88",2007,1.99,2.07,-0.0799999999999998
"88",2008,1.84,1.99,-0.15
"88",2009,2.08,1.84,0.24
"88",2010,2.18,2.08,0.1
"88",2011,2.15,2.18,-0.0300000000000002
"88",2012,1.82,2.15,-0.33
"88",2013,1.98,1.82,0.16
"88",2014,2.24,1.98,0.26
"90",1976,2,NA,NA
"90",1977,1.04,2,-0.96
"90",1979,1.44,1.04,0.4
"90",1980,1.27,1.44,-0.17
"90",1981,1.3,1.27,0.03
"90",1982,1.62,1.3,0.32
"90",1983,1.3,1.62,-0.32
"90",1984,1.36,1.3,0.0600000000000001
"90",1985,1.96,1.36,0.6
"90",1986,1.44,1.96,-0.52
"90",1987,1.65,1.44,0.21
"90",1988,1.42,1.65,-0.23
"90",1989,1.74,1.42,0.32
"90",1990,1.58,1.74,-0.16
"90",1991,1.55,1.58,-0.03
"90",1992,1.68,1.55,0.13
"90",1993,1.8,1.68,0.12
"90",1994,1.4,1.8,-0.4
"90",1995,1.92,1.4,0.52
"90",1996,1.76,1.92,-0.16
"90",1997,1.7,1.76,-0.0600000000000001
"90",1999,1.83,1.7,0.13
"90",2000,1.71,1.83,-0.12
"90",2001,1.7,1.71,-0.01
"90",2002,1.56,1.7,-0.14
"90",2003,1.63,1.56,0.0699999999999998
"90",2004,1.82,1.63,0.19
"90",2005,1.85,1.82,0.03
"90",2008,1.58,1.85,-0.27
"90",2009,1.28,1.58,-0.3
"90",2010,1.81,1.28,0.53
"90",2011,1.96,1.81,0.15
"90",2012,1.45,1.96,-0.51
"90",2013,1.78,1.45,0.33
"90",2014,1.84,1.78,0.0600000000000001
"93",1976,2,NA,NA
"93",1977,1.6,2,-0.4
"93",1978,1.97,1.6,0.37
"93",1979,1.97,1.97,0
"93",1980,2.04,1.97,0.0700000000000001
"93",1981,2.13,2.04,0.0899999999999999
"93",1982,2.14,2.13,0.0100000000000002
"93",1983,2.09,2.14,-0.0500000000000003
"93",1984,1.96,2.09,-0.13
"93",1985,1.76,1.96,-0.2
"93",1986,2.01,1.76,0.25
"93",1987,2.14,2.01,0.13
"93",1988,2.28,2.14,0.14
"93",1989,2.33,2.28,0.0500000000000003
"93",1990,2.12,2.33,-0.21
"93",1991,2.09,2.12,-0.0300000000000002
"93",1992,2.24,2.09,0.15
"93",1993,2.14,2.24,-0.1
"93",1994,2.18,2.14,0.04
"93",1995,2.09,2.18,-0.0900000000000003
"93",1996,1.92,2.09,-0.17
"93",1997,2.09,1.92,0.17
"93",1998,2.14,2.09,0.0500000000000003
"93",1999,2.18,2.14,0.04
"93",2000,2.2,2.18,0.02
"93",2001,2.07,2.2,-0.13
"93",2002,2.18,2.07,0.11
"93",2003,2.24,2.18,0.0600000000000001
"93",2004,2.2,2.24,-0.04
"93",2005,2.2,2.2,0
"93",2006,2.18,2.2,-0.02
"93",2007,2.05,2.18,-0.13
"93",2008,2.24,2.05,0.19
"93",2009,2.35,2.24,0.11
"93",2010,2.17,2.35,-0.18
"93",2011,2.22,2.17,0.0500000000000003
"93",2012,1.99,2.22,-0.23
"93",2013,2.22,1.99,0.23
"93",2014,2.26,2.22,0.0399999999999996
"94",1976,2,NA,NA
"94",1977,1.3,2,-0.7
"94",1978,1.38,1.3,0.0799999999999998
"94",1979,1.5,1.38,0.12
"94",1980,1.53,1.5,0.03
"94",1981,1.73,1.53,0.2
"94",1982,1.99,1.73,0.26
"94",1983,2.02,1.99,0.03
"94",1984,1.87,2.02,-0.15
"94",1985,1.38,1.87,-0.49
"94",1986,1.3,1.38,-0.0799999999999998
"94",1987,1.18,1.3,-0.12
"94",1988,1.38,1.18,0.2
"94",1989,1.79,1.38,0.41
"94",1990,1.86,1.79,0.0700000000000001
"94",1991,1.65,1.86,-0.21
"94",1992,1.55,1.65,-0.0999999999999999
"94",1993,1.34,1.55,-0.21
"94",1994,1.38,1.34,0.0399999999999998
"94",1995,1.3,1.38,-0.0799999999999998
"94",1996,1.13,1.3,-0.17
"94",1997,1.15,1.13,0.02
"94",1998,1.34,1.15,0.19
"94",1999,1.44,1.34,0.0999999999999999
"94",2000,1.33,1.44,-0.11
"94",2001,1.24,1.33,-0.0900000000000001
"94",2002,1.19,1.24,-0.05
"94",2003,1.22,1.19,0.03
"94",2004,1.25,1.22,0.03
"94",2005,1.18,1.25,-0.0700000000000001
"94",2006,1.09,1.18,-0.0899999999999999
"94",2007,0.77,1.09,-0.32
"94",2008,0.92,0.77,0.15
"94",2009,1.01,0.92,0.09
"94",2010,0.94,1.01,-0.0700000000000001
"94",2011,0.81,0.94,-0.13
"94",2012,0.75,0.81,-0.0600000000000001
"94",2013,1.08,0.75,0.33
"94",2014,1.01,1.08,-0.0700000000000001
"98",1976,2,NA,NA
"98",1977,1.74,2,-0.26
"98",1978,2.14,1.74,0.4
"98",1979,2.38,2.14,0.24
"98",1980,2.03,2.38,-0.35
"98",1981,1.95,2.03,-0.0799999999999998
"98",1982,2.11,1.95,0.16
"98",1983,2.02,2.11,-0.0899999999999999
"98",1984,1.86,2.02,-0.16
"98",1985,1.83,1.86,-0.03
"98",1986,2.08,1.83,0.25
"98",1987,1.71,2.08,-0.37
"98",1988,2.18,1.71,0.47
"98",1989,2.13,2.18,-0.0500000000000003
"98",1990,1.94,2.13,-0.19
"98",1991,1.95,1.94,0.01
"98",1992,2.55,1.95,0.6
"98",1993,1.88,2.55,-0.67
"98",1994,1.91,1.88,0.03
"98",1995,1.88,1.91,-0.03
"98",1996,1.57,1.88,-0.31
"98",1997,1.99,1.57,0.42
"98",1998,2.04,1.99,0.05
"98",1999,1.83,2.04,-0.21
"98",2000,1.89,1.83,0.0599999999999998
"98",2001,1.8,1.89,-0.0899999999999999
"98",2002,1.93,1.8,0.13
"98",2003,1.97,1.93,0.04
"98",2004,1.92,1.97,-0.05
"98",2005,2,1.92,0.0800000000000001
"98",2006,1.92,2,-0.0800000000000001
"98",2007,1.79,1.92,-0.13
"98",2008,1.94,1.79,0.15
"98",2009,2.29,1.94,0.35
"98",2010,1.93,2.29,-0.36
"98",2011,1.85,1.93,-0.0799999999999998
"98",2012,1.56,1.85,-0.29
"98",2013,2.22,1.56,0.66
"98",2014,1.71,2.22,-0.51
"99",1976,2,NA,NA
"99",1977,1.9,2,-0.1
"99",1978,2.37,1.9,0.47
"99",1979,2.35,2.37,-0.02
"99",1980,2.25,2.35,-0.1
"99",1981,2.18,2.25,-0.0699999999999998
"99",1982,2.36,2.18,0.18
"99",1983,2.2,2.36,-0.16
"99",1984,2.17,2.2,-0.0300000000000002
"99",1985,2.04,2.17,-0.13
"99",1986,2.21,2.04,0.17
"99",1987,2.07,2.21,-0.14
"99",1988,2.22,2.07,0.15
"99",1989,2.32,2.22,0.0999999999999996
"99",1990,2.12,2.32,-0.2
"99",1991,2.05,2.12,-0.0700000000000003
"99",1992,2.28,2.05,0.23
"99",1993,2,2.28,-0.28
"99",1994,2.05,2,0.0499999999999998
"99",1995,2.24,2.05,0.19
"99",1996,1.99,2.24,-0.25
"99",1997,2.29,1.99,0.3
"99",1998,2.25,2.29,-0.04
"99",1999,2.13,2.25,-0.12
"99",2000,2.2,2.13,0.0700000000000003
"99",2001,2.06,2.2,-0.14
"99",2002,2.18,2.06,0.12
"99",2003,2.2,2.18,0.02
"99",2004,2.24,2.2,0.04
"99",2005,2.08,2.24,-0.16
"99",2006,1.98,2.08,-0.1
"99",2007,1.96,1.98,-0.02
"99",2008,2.02,1.96,0.0600000000000001
"99",2009,2.37,2.02,0.35
"99",2010,2.25,2.37,-0.12
"99",2011,2.24,2.25,-0.00999999999999979
"99",2012,1.88,2.24,-0.36
"99",2013,2.31,1.88,0.43
"99",2014,2.24,2.31,-0.0699999999999998
"100",1976,2,NA,NA
"100",1977,1.95,2,-0.05
"100",1978,2.3,1.95,0.35
"100",1979,2.18,2.3,-0.12
"100",1980,1.92,2.18,-0.26
"100",1981,1.78,1.92,-0.14
"100",1982,2.22,1.78,0.44
"100",1983,2.04,2.22,-0.18
"100",1984,2.11,2.04,0.0699999999999998
"100",1985,1.95,2.11,-0.16
"100",1986,2.38,1.95,0.43
"100",1987,1.94,2.38,-0.44
"100",1988,2,1.94,0.0600000000000001
"100",1989,2.25,2,0.25
"100",1990,2.14,2.25,-0.11
"100",1991,2.02,2.14,-0.12
"100",1992,2.28,2.02,0.26
"100",1993,1.8,2.28,-0.48
"100",1994,2.21,1.8,0.41
"100",1995,2.39,2.21,0.18
"100",1996,2,2.39,-0.39
"100",1997,2.31,2,0.31
"100",1998,1.97,2.31,-0.34
"100",1999,1.9,1.97,-0.0700000000000001
"100",2000,1.91,1.9,0.01
"100",2001,1.92,1.91,0.01
"100",2002,1.89,1.92,-0.03
"100",2003,2.18,1.89,0.29
"100",2004,2.13,2.18,-0.0500000000000003
"100",2005,1.98,2.13,-0.15
"100",2006,2.02,1.98,0.04
"100",2007,1.84,2.02,-0.18
"100",2008,1.85,1.84,0.01
"100",2009,2.14,1.85,0.29
"100",2010,2.02,2.14,-0.12
"100",2011,2,2.02,-0.02
"100",2012,1.65,2,-0.35
"100",2013,2.33,1.65,0.68
"100",2014,1.86,2.33,-0.47
"102",1979,2,NA,NA
"102",1980,2.24,2,0.24
"102",1981,1.66,2.24,-0.58
"102",1982,2.35,1.66,0.69
"102",1983,1.86,2.35,-0.49
"102",1984,2.09,1.86,0.23
"102",1985,2.31,2.09,0.22
"102",1986,2.55,2.31,0.24
"102",1987,2.76,2.55,0.21
"102",1988,2.07,2.76,-0.69
"102",1989,2.41,2.07,0.34
"102",1990,2.31,2.41,-0.1
"102",1991,1.84,2.31,-0.47
"102",1992,2.13,1.84,0.29
"102",1993,2.25,2.13,0.12
"102",1994,2.48,2.25,0.23
"102",1995,2.44,2.48,-0.04
"102",1996,2.7,2.44,0.26
"102",1997,2.32,2.7,-0.38
"102",1998,2.07,2.32,-0.25
"102",1999,2.09,2.07,0.02
"102",2000,2.11,2.09,0.02
"102",2001,2.29,2.11,0.18
"102",2002,2.3,2.29,0.00999999999999979
"102",2003,2.45,2.3,0.15
"102",2004,2.27,2.45,-0.18
"102",2005,2.24,2.27,-0.0299999999999998
"102",2006,2.45,2.24,0.21
"102",2007,1.94,2.45,-0.51
"102",2008,2.04,1.94,0.1
"102",2009,2.36,2.04,0.32
"102",2010,2.3,2.36,-0.0600000000000001
"102",2011,2.3,2.3,0
"102",2012,1.97,2.3,-0.33
"102",2013,2.33,1.97,0.36
"102",2014,2.18,2.33,-0.15
"104",1976,2,NA,NA
"104",1977,1.35,2,-0.65
"104",1978,1.7,1.35,0.35
"104",1979,1.87,1.7,0.17
"104",1980,1.86,1.87,-0.01
"104",1981,1.82,1.86,-0.04
"104",1982,2.3,1.82,0.48
"104",1983,2.06,2.3,-0.24
"104",1984,1.9,2.06,-0.16
"104",1985,1.96,1.9,0.0600000000000001
"104",1986,2.1,1.96,0.14
"104",1987,2.11,2.1,0.00999999999999979
"104",1988,1.93,2.11,-0.18
"104",1989,2.18,1.93,0.25
"104",1990,2.15,2.18,-0.0300000000000002
"104",1991,2.26,2.15,0.11
"104",1992,2.18,2.26,-0.0799999999999996
"104",1993,1.66,2.18,-0.52
"104",1994,1.66,1.66,0
"104",1995,2.1,1.66,0.44
"104",1996,2.04,2.1,-0.0600000000000001
"104",1997,2.22,2.04,0.18
"104",1998,1.96,2.22,-0.26
"104",1999,2.06,1.96,0.1
"104",2000,2.23,2.06,0.17
"104",2001,2.19,2.23,-0.04
"104",2002,2.07,2.19,-0.12
"104",2003,2.34,2.07,0.27
"104",2004,2.2,2.34,-0.14
"104",2005,2.22,2.2,0.02
"104",2006,2.33,2.22,0.11
"104",2007,2.06,2.33,-0.27
"104",2008,2.16,2.06,0.1
"104",2009,2.4,2.16,0.24
"104",2010,2.25,2.4,-0.15
"104",2011,2.11,2.25,-0.14
"104",2012,1.99,2.11,-0.12
"104",2013,2.22,1.99,0.23
"104",2014,2.12,2.22,-0.1
"106",1976,2,NA,NA
"106",1977,1.36,2,-0.64
"106",1978,1.29,1.36,-0.0700000000000001
"106",1979,1.61,1.29,0.32
"106",1980,1.59,1.61,-0.02
"106",1981,1.47,1.59,-0.12
"106",1982,1.68,1.47,0.21
"106",1983,1.85,1.68,0.17
"106",1984,1.88,1.85,0.0299999999999998
"106",1985,1.51,1.88,-0.37
"106",1986,1.41,1.51,-0.1
"106",1987,1.46,1.41,0.05
"106",1988,1.55,1.46,0.0900000000000001
"106",1989,1.76,1.55,0.21
"106",1990,1.87,1.76,0.11
"106",1991,1.67,1.87,-0.2
"106",1992,1.68,1.67,0.01
"106",1993,1.46,1.68,-0.22
"106",1994,1.64,1.46,0.18
"106",1995,1.73,1.64,0.0900000000000001
"106",1996,1.82,1.73,0.0900000000000001
"106",1997,1.8,1.82,-0.02
"106",1998,1.46,1.8,-0.34
"106",1999,1.55,1.46,0.0900000000000001
"106",2000,1.56,1.55,0.01
"106",2001,1.45,1.56,-0.11
"106",2002,1.53,1.45,0.0800000000000001
"106",2003,1.81,1.53,0.28
"106",2004,1.69,1.81,-0.12
"106",2005,1.63,1.69,-0.0600000000000001
"106",2006,1.72,1.63,0.0900000000000001
"106",2007,1.18,1.72,-0.54
"106",2008,1.37,1.18,0.19
"106",2009,1.56,1.37,0.19
"106",2010,1.91,1.56,0.35
"106",2011,1.56,1.91,-0.35
"106",2012,1.15,1.56,-0.41
"106",2013,1.62,1.15,0.47
"106",2014,1.64,1.62,0.0199999999999998
"110",1976,2,NA,NA
"110",1977,1.99,2,-0.01
"110",1978,1.58,1.99,-0.41
"110",1979,1.51,1.58,-0.0700000000000001
"110",1980,1.66,1.51,0.15
"110",1981,1.42,1.66,-0.24
"110",1982,1.46,1.42,0.04
"110",1983,1.58,1.46,0.12
"110",1984,1.51,1.58,-0.0700000000000001
"110",1985,1.75,1.51,0.24
"110",1986,1.57,1.75,-0.18
"110",1987,1.61,1.57,0.04
"110",1988,1.52,1.61,-0.0900000000000001
"110",1989,1.39,1.52,-0.13
"110",1990,1.67,1.39,0.28
"110",1991,1.67,1.67,0
"110",1992,1.56,1.67,-0.11
"110",1993,1.53,1.56,-0.03
"110",1994,1.39,1.53,-0.14
"110",1995,1.52,1.39,0.13
"110",1996,1.65,1.52,0.13
"110",1997,1.96,1.65,0.31
"110",1998,1.6,1.96,-0.36
"110",1999,1.46,1.6,-0.14
"110",2000,1.46,1.46,0
"110",2001,1.47,1.46,0.01
"110",2002,1.64,1.47,0.17
"110",2003,1.42,1.64,-0.22
"110",2004,1.51,1.42,0.0900000000000001
"110",2005,1.54,1.51,0.03
"110",2006,1.38,1.54,-0.16
"110",2007,1.52,1.38,0.14
"110",2008,1.41,1.52,-0.11
"110",2009,1.54,1.41,0.13
"110",2010,1.48,1.54,-0.0600000000000001
"110",2011,1.78,1.48,0.3
"110",2012,1.6,1.78,-0.18
"110",2013,1.35,1.6,-0.25
"110",2014,1.4,1.35,0.0499999999999998
"112",1995,2,NA,NA
"112",1996,1.95,2,-0.05
"112",1997,1.4,1.95,-0.55
"112",1998,1.25,1.4,-0.15
"112",2000,1.61,1.25,0.36
"112",2001,1.53,1.61,-0.0800000000000001
"112",2002,1.68,1.53,0.15
"112",2003,1.39,1.68,-0.29
"112",2004,1.6,1.39,0.21
"112",2005,1.57,1.6,-0.03
"112",2006,1.97,1.57,0.4
"112",2007,1.94,1.97,-0.03
"112",2008,1.65,1.94,-0.29
"112",2009,1.82,1.65,0.17
"112",2010,2.18,1.82,0.36
"112",2011,1.8,2.18,-0.38
"112",2012,0.2,1.8,-1.6
"112",2013,1.09,0.2,0.89
"112",2014,1.53,1.09,0.44
"113",1976,2,NA,NA
"113",1977,-0.15,2,-2.15
"113",1978,0.46,-0.15,0.61
"113",1979,0.62,0.46,0.16
"113",1980,0.1,0.62,-0.52
"113",1981,-0.43,0.1,-0.53
"113",1982,-0.16,-0.43,0.27
"113",1983,0.56,-0.16,0.72
"113",1984,0.99,0.56,0.43
"113",1985,0.62,0.99,-0.37
"113",1986,0.7,0.62,0.08
"113",1987,0.55,0.7,-0.15
"113",1988,0.16,0.55,-0.39
"113",1989,0.28,0.16,0.12
"113",1990,0.02,0.28,-0.26
"113",1991,0.4,0.02,0.38
"113",1992,0.53,0.4,0.13
"113",1993,0.38,0.53,-0.15
"113",1994,0.12,0.38,-0.26
"113",1995,0.41,0.12,0.29
"113",1996,0.6,0.41,0.19
"113",1997,-0.00423,0.6,-0.60423
"113",1998,-0.19,-0.00423,-0.18577
"113",1999,-0.3,-0.19,-0.11
"113",2000,-0.21,-0.3,0.09
"113",2001,-0.21,-0.21,0
"113",2002,-0.41,-0.21,-0.2
"113",2003,-0.33,-0.41,0.08
"113",2004,-0.27,-0.33,0.06
"113",2005,-0.3,-0.27,-0.03
"113",2006,-0.24,-0.3,0.06
"113",2007,-0.36,-0.24,-0.12
"113",2008,-0.63,-0.36,-0.27
"113",2009,-0.52,-0.63,0.11
"113",2010,-0.4,-0.52,0.12
"113",2011,-0.44,-0.4,-0.04
"113",2012,-0.99,-0.44,-0.55
"113",2013,-0.72,-0.99,0.27
"113",2014,-0.81,-0.72,-0.0900000000000001
"115",1983,2,NA,NA
"115",1984,2.66,2,0.66
"115",1985,2.64,2.66,-0.02
"115",1986,2.62,2.64,-0.02
"115",1987,2.33,2.62,-0.29
"115",1988,2.48,2.33,0.15
"115",1989,2.49,2.48,0.0100000000000002
"115",1990,2.7,2.49,0.21
"115",1991,2.72,2.7,0.02
"115",1992,2.47,2.72,-0.25
"115",1993,2.46,2.47,-0.0100000000000002
"115",1994,2.53,2.46,0.0699999999999998
"115",1995,3.21,2.53,0.68
"115",1996,2.86,3.21,-0.35
"115",1997,2.4,2.86,-0.46
"115",1998,2.67,2.4,0.27
"115",1999,2.78,2.67,0.11
"115",2000,2.74,2.78,-0.0399999999999996
"115",2001,2.72,2.74,-0.02
"115",2002,2.39,2.72,-0.33
"115",2003,2.67,2.39,0.28
"115",2004,2.76,2.67,0.0899999999999999
"115",2005,2.86,2.76,0.1
"115",2006,2.61,2.86,-0.25
"115",2007,2.36,2.61,-0.25
"115",2008,2.55,2.36,0.19
"115",2009,2.4,2.55,-0.15
"115",2010,2.46,2.4,0.0600000000000001
"115",2011,2.35,2.46,-0.11
"115",2012,2.19,2.35,-0.16
"115",2013,2.34,2.19,0.15
"115",2014,2.53,2.34,0.19
"116",1976,2,NA,NA
"116",1977,1.18,2,-0.82
"116",1978,1.56,1.18,0.38
"116",1979,1.33,1.56,-0.23
"116",1980,1.18,1.33,-0.15
"116",1981,1.82,1.18,0.64
"116",1982,1.18,1.82,-0.64
"116",1983,1.67,1.18,0.49
"116",1984,1.47,1.67,-0.2
"116",1985,0.75,1.47,-0.72
"116",1986,0.7,0.75,-0.05
"116",1987,0.74,0.7,0.04
"116",1988,0.47,0.74,-0.27
"116",1989,0.8,0.47,0.33
"116",1990,1.07,0.8,0.27
"116",1991,1.06,1.07,-0.01
"116",1992,1.18,1.06,0.12
"116",1993,1.18,1.18,0
"116",1994,1.14,1.18,-0.04
"116",1995,1.28,1.14,0.14
"116",1996,1.3,1.28,0.02
"116",1997,1.27,1.3,-0.03
"116",1998,1.32,1.27,0.05
"116",1999,1.28,1.32,-0.04
"116",2000,1.3,1.28,0.02
"116",2001,1.17,1.3,-0.13
"116",2002,1.4,1.17,0.23
"116",2003,1.09,1.4,-0.31
"116",2004,1.3,1.09,0.21
"116",2005,1.05,1.3,-0.25
"116",2006,1.07,1.05,0.02
"116",2007,0.88,1.07,-0.19
"116",2008,0.97,0.88,0.09
"116",2009,1.09,0.97,0.12
"116",2010,1.09,1.09,0
"116",2011,1.15,1.09,0.0599999999999998
"116",2012,0.84,1.15,-0.31
"116",2013,1.16,0.84,0.32
"116",2014,0.86,1.16,-0.3
"118",1992,2,NA,NA
"118",1993,1.68,2,-0.32
"118",1994,1.73,1.68,0.05
"118",1995,1.56,1.73,-0.17
"118",1996,1.3,1.56,-0.26
"118",1997,1.32,1.3,0.02
"118",1998,1.63,1.32,0.31
"118",1999,1.88,1.63,0.25
"118",2000,1.85,1.88,-0.0299999999999998
"118",2001,1.56,1.85,-0.29
"118",2002,1.72,1.56,0.16
"118",2003,1.7,1.72,-0.02
"118",2004,1.59,1.7,-0.11
"118",2005,1.46,1.59,-0.13
"118",2006,1.42,1.46,-0.04
"118",2007,1.12,1.42,-0.3
"118",2008,1.08,1.12,-0.04
"118",2009,0.95,1.08,-0.13
"118",2010,0.81,0.95,-0.14
"118",2011,1.08,0.81,0.27
"118",2012,1.13,1.08,0.0499999999999998
"118",2013,1.56,1.13,0.43
"118",2014,1.62,1.56,0.0600000000000001
"119",1977,2,NA,NA
"119",1978,1.79,2,-0.21
"119",1979,2.4,1.79,0.61
"119",1980,2.18,2.4,-0.22
"119",1981,2.15,2.18,-0.0300000000000002
"119",1982,2.25,2.15,0.1
"119",1983,1.66,2.25,-0.59
"119",1984,1.76,1.66,0.1
"119",1985,1.28,1.76,-0.48
"119",1986,1.39,1.28,0.11
"119",1987,1.6,1.39,0.21
"119",1988,1.62,1.6,0.02
"119",1989,1.64,1.62,0.0199999999999998
"119",1990,1.22,1.64,-0.42
"119",1991,1.87,1.22,0.65
"119",1992,1.76,1.87,-0.11
"119",1993,1.71,1.76,-0.05
"119",1994,1.87,1.71,0.16
"119",1995,1.86,1.87,-0.01
"119",1996,1.8,1.86,-0.0600000000000001
"119",1997,1.7,1.8,-0.1
"119",1998,1.68,1.7,-0.02
"119",1999,1.74,1.68,0.0600000000000001
"119",2000,1.45,1.74,-0.29
"119",2001,1.66,1.45,0.21
"119",2002,1.63,1.66,-0.03
"119",2003,1.58,1.63,-0.0499999999999998
"119",2004,1.67,1.58,0.0899999999999999
"119",2005,1.75,1.67,0.0800000000000001
"119",2006,1.38,1.75,-0.37
"119",2007,1.09,1.38,-0.29
"119",2008,1.12,1.09,0.03
"119",2009,1.08,1.12,-0.04
"119",2010,0.92,1.08,-0.16
"119",2011,0.97,0.92,0.0499999999999999
"119",2012,0.85,0.97,-0.12
"119",2013,1.09,0.85,0.24
"119",2014,1.31,1.09,0.22
"120",1976,2,NA,NA
"120",1977,2,2,0
"120",1978,1.79,2,-0.21
"120",1979,2.06,1.79,0.27
"120",1980,2,2.06,-0.0600000000000001
"120",1981,2.22,2,0.22
"120",1982,2.37,2.22,0.15
"120",1983,2.3,2.37,-0.0700000000000003
"120",1984,2.43,2.3,0.13
"120",1985,2.12,2.43,-0.31
"120",1986,2.18,2.12,0.0600000000000001
"120",1987,1.98,2.18,-0.2
"120",1988,1.93,1.98,-0.05
"120",1989,2.11,1.93,0.18
"120",1990,2.06,2.11,-0.0499999999999998
"120",1991,2.31,2.06,0.25
"120",1992,2.29,2.31,-0.02
"120",1993,2.15,2.29,-0.14
"120",1994,2.31,2.15,0.16
"120",1995,2.24,2.31,-0.0699999999999998
"120",1996,2.27,2.24,0.0299999999999998
"120",1997,2.12,2.27,-0.15
"120",1998,1.89,2.12,-0.23
"120",1999,2.01,1.89,0.12
"120",2000,1.97,2.01,-0.0399999999999998
"120",2001,1.96,1.97,-0.01
"120",2002,1.88,1.96,-0.0800000000000001
"120",2003,1.95,1.88,0.0700000000000001
"120",2004,1.74,1.95,-0.21
"120",2005,1.79,1.74,0.05
"120",2006,1.63,1.79,-0.16
"120",2007,1.49,1.63,-0.14
"120",2008,1.52,1.49,0.03
"120",2009,1.65,1.52,0.13
"120",2010,1.56,1.65,-0.0899999999999999
"120",2011,1.56,1.56,0
"120",2012,1.46,1.56,-0.1
"120",2013,1.77,1.46,0.31
"120",2014,1.88,1.77,0.11
"122",1976,2,NA,NA
"122",1977,1.25,2,-0.75
"122",1978,1.14,1.25,-0.11
"122",1979,1.25,1.14,0.11
"122",1980,1.52,1.25,0.27
"122",1981,1.43,1.52,-0.0900000000000001
"122",1982,2.28,1.43,0.85
"122",1983,1.61,2.28,-0.67
"122",1984,1.52,1.61,-0.0900000000000001
"122",1985,1.48,1.52,-0.04
"122",1986,1.54,1.48,0.0600000000000001
"122",1987,1.81,1.54,0.27
"122",1988,1.47,1.81,-0.34
"122",1989,2.04,1.47,0.57
"122",1990,1.95,2.04,-0.0900000000000001
"122",1991,1.7,1.95,-0.25
"122",1992,2.17,1.7,0.47
"122",1993,1.8,2.17,-0.37
"122",1994,1.95,1.8,0.15
"122",1995,2.1,1.95,0.15
"122",1996,2.47,2.1,0.37
"122",1997,1.87,2.47,-0.6
"122",1998,1.91,1.87,0.0399999999999998
"122",1999,1.95,1.91,0.04
"122",2000,2.08,1.95,0.13
"122",2001,1.93,2.08,-0.15
"122",2002,1.9,1.93,-0.03
"122",2003,2.36,1.9,0.46
"122",2004,1.69,2.36,-0.67
"122",2005,2.03,1.69,0.34
"122",2006,2.2,2.03,0.17
"122",2007,2.14,2.2,-0.0600000000000001
"122",2008,1.89,2.14,-0.25
"122",2009,1.8,1.89,-0.0899999999999999
"122",2010,1.83,1.8,0.03
"122",2011,2.17,1.83,0.34
"122",2012,2.02,2.17,-0.15
"122",2013,1.6,2.02,-0.42
"122",2014,2.06,1.6,0.46
"123",1976,2,NA,NA
"123",1977,1.89,2,-0.11
"123",1978,1.29,1.89,-0.6
"123",1979,1.84,1.29,0.55
"123",1980,2.99,1.84,1.15
"123",1981,1.5,2.99,-1.49
"123",1982,2.86,1.5,1.36
"123",1983,2.27,2.86,-0.59
"123",1984,0.95,2.27,-1.32
"123",1985,2.58,0.95,1.63
"123",1986,1.91,2.58,-0.67
"123",1987,1.58,1.91,-0.33
"123",1988,2.83,1.58,1.25
"123",1989,2.11,2.83,-0.72
"123",1990,2.45,2.11,0.34
"123",1991,2.21,2.45,-0.24
"123",1992,2.52,2.21,0.31
"123",1993,1.21,2.52,-1.31
"123",1994,2.55,1.21,1.34
"123",1995,2.16,2.55,-0.39
"123",1996,4.02,2.16,1.86
"123",1997,1.58,4.02,-2.44
"123",1998,2.19,1.58,0.61
"123",1999,1.98,2.19,-0.21
"123",2000,2.76,1.98,0.78
"123",2001,2.31,2.76,-0.45
"123",2002,2.62,2.31,0.31
"123",2003,3.41,2.62,0.79
"123",2004,2.57,3.41,-0.84
"123",2005,1.94,2.57,-0.63
"123",2006,3.06,1.94,1.12
"123",2007,2.42,3.06,-0.64
"123",2008,1.71,2.42,-0.71
"123",2009,3.75,1.71,2.04
"123",2010,1.9,3.75,-1.85
"123",2011,1.84,1.9,-0.0599999999999998
"123",2012,1.63,1.84,-0.21
"123",2013,2.04,1.63,0.41
"123",2014,1.84,2.04,-0.2
