"","species","year","Apple","Field.Bean","Oilseed.Rape","growth.rate.dif"
"1","Andrena_bicolor",1985,0,0,1,0.376636547135266
"2","Andrena_bicolor",1986,0,0,1,-0.401374791096917
"3","Andrena_bicolor",1987,0,0,1,0.0484987593549533
"4","Andrena_bicolor",1988,0,0,1,0.796278616422334
"5","Andrena_bicolor",1989,0,0,1,0.921563102942334
"6","Andrena_bicolor",1990,0,0,1,0.752684089653738
"7","Andrena_bicolor",1991,0,0,1,0.29677661094423
"8","Andrena_bicolor",1992,0,0,1,-0.175753782923993
"9","Andrena_bicolor",1993,0,0,1,-0.776485425001571
"10","Andrena_bicolor",1994,0,0,1,-0.266275005797488
"11","Andrena_bicolor",1995,0,0,1,0.534285588259022
"12","Andrena_bicolor",1996,0,0,1,-0.311033857900849
"13","Andrena_bicolor",1997,0,0,1,-1.50048221725667
"14","Andrena_bicolor",1998,0,0,1,-1.39379860239478
"15","Andrena_bicolor",1999,0,0,1,-1.00669815895666
"16","Andrena_bicolor",2000,0,0,1,-1.1844265390487
"17","Andrena_bicolor",2001,0,0,1,-0.515078668753949
"18","Andrena_bicolor",2002,0,0,1,-0.758225707160882
"19","Andrena_bicolor",2003,0,0,1,0.660499856864313
"20","Andrena_bicolor",2004,0,0,1,1.53839805578791
"21","Andrena_bicolor",2005,0,0,1,1.74604911996574
"22","Andrena_bicolor",2006,0,0,1,0.987046474734052
"23","Andrena_bicolor",2007,0,0,1,0.356358872280205
"24","Andrena_bicolor",2008,0,0,1,1.39610714342461
"25","Andrena_bicolor",2009,0,0,1,-1.14275715200756
"26","Andrena_bicolor",2010,0,0,1,-2.33904548448108
"27","Andrena_bicolor",2011,0,0,1,-0.0873142535176185
"28","Andrena_bicolor",2012,0,0,1,0.757630245286315
"29","Andrena_bicolor",2013,0,0,1,-0.777911477843832
"30","Andrena_bicolor",2014,0,0,1,0.000403887290998873
"31","Andrena_bicolor",2015,0,0,1,1.46744415379653
"32","Andrena_chrysosceles",1985,1,0,1,0.139846203898078
"33","Andrena_chrysosceles",1986,1,0,1,1.24355996464521
"34","Andrena_chrysosceles",1987,1,0,1,-0.0517621742242755
"35","Andrena_chrysosceles",1988,1,0,1,-1.02390302171902
"36","Andrena_chrysosceles",1989,1,0,1,-0.292714377063886
"37","Andrena_chrysosceles",1990,1,0,1,-0.150682065991409
"38","Andrena_chrysosceles",1991,1,0,1,0.906421394386152
"39","Andrena_chrysosceles",1992,1,0,1,1.13559702453136
"40","Andrena_chrysosceles",1993,1,0,1,1.67485166649263
"41","Andrena_chrysosceles",1994,1,0,1,0.0527831559787279
"42","Andrena_chrysosceles",1995,1,0,1,-0.240398249692352
"43","Andrena_chrysosceles",1996,1,0,1,-1.16575060346727
"44","Andrena_chrysosceles",1997,1,0,1,0.193848573416684
"45","Andrena_chrysosceles",1998,1,0,1,-0.21818251330088
"46","Andrena_chrysosceles",1999,1,0,1,-0.0904253564456328
"47","Andrena_chrysosceles",2000,1,0,1,-1.7903803291478
"48","Andrena_chrysosceles",2001,1,0,1,0.625976253731353
"49","Andrena_chrysosceles",2002,1,0,1,-0.116330513162515
"50","Andrena_chrysosceles",2003,1,0,1,0.00910860377427079
"51","Andrena_chrysosceles",2004,1,0,1,1.79581234971919
"52","Andrena_chrysosceles",2005,1,0,1,1.31916854206049
"53","Andrena_chrysosceles",2006,1,0,1,-1.54274569955467
"54","Andrena_chrysosceles",2007,1,0,1,-1.34239629770319
"55","Andrena_chrysosceles",2008,1,0,1,0.59042701302536
"56","Andrena_chrysosceles",2009,1,0,1,-0.499551496264638
"57","Andrena_chrysosceles",2010,1,0,1,0.411301210199035
"58","Andrena_chrysosceles",2011,1,0,1,-0.639500279730258
"59","Andrena_chrysosceles",2012,1,0,1,0.479543627535757
"60","Andrena_chrysosceles",2013,1,0,1,-2.45849572912627
"61","Andrena_chrysosceles",2014,1,0,1,0.735493503248214
"62","Andrena_chrysosceles",2015,1,0,1,0.309479619951544
"63","Andrena_cineraria",1985,1,0,1,-0.335350105032517
"64","Andrena_cineraria",1986,1,0,1,-0.48435461975911
"65","Andrena_cineraria",1987,1,0,1,-0.646885403397954
"66","Andrena_cineraria",1988,1,0,1,-0.136174337783472
"67","Andrena_cineraria",1989,1,0,1,-0.127977258279623
"68","Andrena_cineraria",1990,1,0,1,-0.286063655640404
"69","Andrena_cineraria",1991,1,0,1,0.369502198884383
"70","Andrena_cineraria",1992,1,0,1,-0.292471017755627
"71","Andrena_cineraria",1993,1,0,1,-0.100245829325153
"72","Andrena_cineraria",1994,1,0,1,-0.150804902244013
"73","Andrena_cineraria",1995,1,0,1,-0.226268428273595
"74","Andrena_cineraria",1996,1,0,1,-0.875643515368696
"75","Andrena_cineraria",1997,1,0,1,-0.0886084061999403
"76","Andrena_cineraria",1998,1,0,1,0.264467486565385
"77","Andrena_cineraria",1999,1,0,1,0.323699083352734
"78","Andrena_cineraria",2000,1,0,1,0.901356504185508
"79","Andrena_cineraria",2001,1,0,1,-1.01267650274768
"80","Andrena_cineraria",2002,1,0,1,-0.182139293832949
"81","Andrena_cineraria",2003,1,0,1,-0.86918598355794
"82","Andrena_cineraria",2004,1,0,1,0.516415934799422
"83","Andrena_cineraria",2005,1,0,1,0.715568044442038
"84","Andrena_cineraria",2006,1,0,1,-0.520644047277097
"85","Andrena_cineraria",2007,1,0,1,1.33863327820546
"86","Andrena_cineraria",2008,1,0,1,0.263749540922428
"87","Andrena_cineraria",2009,1,0,1,-2.18653315563733
"88","Andrena_cineraria",2010,1,0,1,0.844452392023201
"89","Andrena_cineraria",2011,1,0,1,3.86071313404512
"90","Andrena_cineraria",2012,1,0,1,0.715203881652058
"91","Andrena_cineraria",2013,1,0,1,-1.13614096622084
"92","Andrena_cineraria",2014,1,0,1,-0.129874018768628
"93","Andrena_cineraria",2015,1,0,1,-0.325720031975169
"94","Andrena_dorsata",1985,1,0,1,-0.236320425598669
"95","Andrena_dorsata",1986,1,0,1,0.154554769469915
"96","Andrena_dorsata",1987,1,0,1,-0.253615536637106
"97","Andrena_dorsata",1988,1,0,1,-0.544807890838508
"98","Andrena_dorsata",1989,1,0,1,-0.579291689372429
"99","Andrena_dorsata",1990,1,0,1,0.317569235526204
"100","Andrena_dorsata",1991,1,0,1,1.59853268702888
"101","Andrena_dorsata",1992,1,0,1,2.02175737295964
"102","Andrena_dorsata",1993,1,0,1,-0.0199734295526882
"103","Andrena_dorsata",1994,1,0,1,0.164622001140561
"104","Andrena_dorsata",1995,1,0,1,1.08864817803232
"105","Andrena_dorsata",1996,1,0,1,1.22378629895383
"106","Andrena_dorsata",1997,1,0,1,-2.07964704785464
"107","Andrena_dorsata",1998,1,0,1,0.255276683962787
"108","Andrena_dorsata",1999,1,0,1,0.820091648706079
"109","Andrena_dorsata",2000,1,0,1,1.30793045575832
"110","Andrena_dorsata",2001,1,0,1,-0.715326925377246
"111","Andrena_dorsata",2002,1,0,1,-0.585191255340504
"112","Andrena_dorsata",2003,1,0,1,0.0157788323691558
"113","Andrena_dorsata",2004,1,0,1,1.64367610835574
"114","Andrena_dorsata",2005,1,0,1,-0.315504471092179
"115","Andrena_dorsata",2006,1,0,1,-0.519914610617013
"116","Andrena_dorsata",2007,1,0,1,-1.02753960777364
"117","Andrena_dorsata",2008,1,0,1,-0.501211587780149
"118","Andrena_dorsata",2009,1,0,1,-0.870973821714817
"119","Andrena_dorsata",2010,1,0,1,0.041694945965541
"120","Andrena_dorsata",2011,1,0,1,0.362428981708736
"121","Andrena_dorsata",2012,1,0,1,-0.813079263135338
"122","Andrena_dorsata",2013,1,0,1,-2.43966679464956
"123","Andrena_dorsata",2014,1,0,1,-0.0222509357114656
"124","Andrena_dorsata",2015,1,0,1,0.50796709310825
"125","Andrena_flavipes",1985,1,0,1,-0.10154203008215
"126","Andrena_flavipes",1986,1,0,1,-0.273062873645397
"127","Andrena_flavipes",1987,1,0,1,-1.47924249681143
"128","Andrena_flavipes",1988,1,0,1,-0.797545220783341
"129","Andrena_flavipes",1989,1,0,1,0.281306436170329
"130","Andrena_flavipes",1990,1,0,1,1.07086517004996
"131","Andrena_flavipes",1991,1,0,1,1.25945981721432
"132","Andrena_flavipes",1992,1,0,1,-0.409087197688289
"133","Andrena_flavipes",1993,1,0,1,-0.419579113904963
"134","Andrena_flavipes",1994,1,0,1,0.658091012668641
"135","Andrena_flavipes",1995,1,0,1,1.01899640932537
"136","Andrena_flavipes",1996,1,0,1,1.86207826713661
"137","Andrena_flavipes",1997,1,0,1,-0.978991949355502
"138","Andrena_flavipes",1998,1,0,1,0.558027949558783
"139","Andrena_flavipes",1999,1,0,1,-0.196651455813968
"140","Andrena_flavipes",2000,1,0,1,0.686144939000521
"141","Andrena_flavipes",2001,1,0,1,1.23613241697342
"142","Andrena_flavipes",2002,1,0,1,-1.06750764481471
"143","Andrena_flavipes",2003,1,0,1,0.514257444033107
"144","Andrena_flavipes",2004,1,0,1,0.106258508345047
"145","Andrena_flavipes",2005,1,0,1,0.436044914163012
"146","Andrena_flavipes",2006,1,0,1,0.296587623717771
"147","Andrena_flavipes",2007,1,0,1,-0.379836882197405
"148","Andrena_flavipes",2008,1,0,1,-1.89237870820244
"149","Andrena_flavipes",2009,1,0,1,-1.64779202593593
"150","Andrena_flavipes",2010,1,0,1,0.0376277944813613
"151","Andrena_flavipes",2011,1,0,1,-0.654420496817534
"152","Andrena_flavipes",2012,1,0,1,-1.04665496685094
"153","Andrena_flavipes",2013,1,0,1,-0.915209206355241
"154","Andrena_flavipes",2014,1,0,1,-0.0407162944290316
"155","Andrena_flavipes",2015,1,0,1,2.27833986085001
"156","Andrena_fulva",1985,1,0,1,-0.0913140230306264
"157","Andrena_fulva",1986,1,0,1,1.41627568744266
"158","Andrena_fulva",1987,1,0,1,1.0521531859296
"159","Andrena_fulva",1988,1,0,1,0.534517900817073
"160","Andrena_fulva",1989,1,0,1,-0.770694600041282
"161","Andrena_fulva",1990,1,0,1,-0.91897122033031
"162","Andrena_fulva",1991,1,0,1,-1.54817655446568
"163","Andrena_fulva",1992,1,0,1,-0.548979867678282
"164","Andrena_fulva",1993,1,0,1,0.290947715452799
"165","Andrena_fulva",1994,1,0,1,1.69811745422902
"166","Andrena_fulva",1995,1,0,1,-0.00555920116094321
"167","Andrena_fulva",1996,1,0,1,-2.53611492054424
"168","Andrena_fulva",1997,1,0,1,-0.512047141304948
"169","Andrena_fulva",1998,1,0,1,-1.45941655999206
"170","Andrena_fulva",1999,1,0,1,-0.591136861098978
"171","Andrena_fulva",2000,1,0,1,0.248474399135965
"172","Andrena_fulva",2001,1,0,1,0.82571429196712
"173","Andrena_fulva",2002,1,0,1,-0.54702219676854
"174","Andrena_fulva",2003,1,0,1,0.30879669201149
"175","Andrena_fulva",2004,1,0,1,-0.197808487276344
"176","Andrena_fulva",2005,1,0,1,-1.06656084193609
"177","Andrena_fulva",2006,1,0,1,-0.528050179346978
"178","Andrena_fulva",2007,1,0,1,-0.780883434089189
"179","Andrena_fulva",2008,1,0,1,0.364113306419039
"180","Andrena_fulva",2009,1,0,1,0.208658951799424
"181","Andrena_fulva",2010,1,0,1,0.439016256228759
"182","Andrena_fulva",2011,1,0,1,0.36445123595552
"183","Andrena_fulva",2012,1,0,1,-0.0500253727415446
"184","Andrena_fulva",2013,1,0,1,1.60399989571089
"185","Andrena_fulva",2014,1,0,1,1.64492383936251
"186","Andrena_fulva",2015,1,0,1,1.15260064934415
"187","Andrena_haemorrhoa",1985,1,0,1,0.0507105819455317
"188","Andrena_haemorrhoa",1986,1,0,1,0.421116500343689
"189","Andrena_haemorrhoa",1987,1,0,1,0.879354583504124
"190","Andrena_haemorrhoa",1988,1,0,1,0.827365015034892
"191","Andrena_haemorrhoa",1989,1,0,1,0.15114970276179
"192","Andrena_haemorrhoa",1990,1,0,1,0.216283187748622
"193","Andrena_haemorrhoa",1991,1,0,1,-0.295172088987876
"194","Andrena_haemorrhoa",1992,1,0,1,-0.553658804407343
"195","Andrena_haemorrhoa",1993,1,0,1,-0.609804544603721
"196","Andrena_haemorrhoa",1994,1,0,1,-0.622393224855859
"197","Andrena_haemorrhoa",1995,1,0,1,-0.135679567985613
"198","Andrena_haemorrhoa",1996,1,0,1,0.322754126504431
"199","Andrena_haemorrhoa",1997,1,0,1,-0.265637857657845
"200","Andrena_haemorrhoa",1998,1,0,1,-1.0219104872572
"201","Andrena_haemorrhoa",1999,1,0,1,-0.447954311275281
"202","Andrena_haemorrhoa",2000,1,0,1,-0.588433370874109
"203","Andrena_haemorrhoa",2001,1,0,1,-0.816480767634273
"204","Andrena_haemorrhoa",2002,1,0,1,0.617544082145403
"205","Andrena_haemorrhoa",2003,1,0,1,0.627930628692166
"206","Andrena_haemorrhoa",2004,1,0,1,-0.118386977505727
"207","Andrena_haemorrhoa",2005,1,0,1,-0.5774858977939
"208","Andrena_haemorrhoa",2006,1,0,1,0.135652358355073
"209","Andrena_haemorrhoa",2007,1,0,1,-1.12488686509024
"210","Andrena_haemorrhoa",2008,1,0,1,0.485408093447906
"211","Andrena_haemorrhoa",2009,1,0,1,-1.23285762459494
"212","Andrena_haemorrhoa",2010,1,0,1,-1.42308816985292
"213","Andrena_haemorrhoa",2011,1,0,1,1.36470813244028
"214","Andrena_haemorrhoa",2012,1,0,1,-1.19735477077202
"215","Andrena_haemorrhoa",2013,1,0,1,-0.0504989342098825
"216","Andrena_haemorrhoa",2014,1,0,1,1.30895856878346
"217","Andrena_haemorrhoa",2015,1,0,1,3.67274870365139
"218","Andrena_minutula",1985,1,0,1,0.224157543551132
"219","Andrena_minutula",1986,1,0,1,0.000985710404224427
"220","Andrena_minutula",1987,1,0,1,-0.642847181253461
"221","Andrena_minutula",1988,1,0,1,0.183297122893811
"222","Andrena_minutula",1989,1,0,1,0.558919045530937
"223","Andrena_minutula",1990,1,0,1,1.72555179506696
"224","Andrena_minutula",1991,1,0,1,0.912058271923536
"225","Andrena_minutula",1992,1,0,1,0.834944056555273
"226","Andrena_minutula",1993,1,0,1,0.151295480476892
"227","Andrena_minutula",1994,1,0,1,-0.279352331409186
"228","Andrena_minutula",1995,1,0,1,-0.642539649132499
"229","Andrena_minutula",1996,1,0,1,-0.0213398504039965
"230","Andrena_minutula",1997,1,0,1,0.728206288913647
"231","Andrena_minutula",1998,1,0,1,-0.299001765466609
"232","Andrena_minutula",1999,1,0,1,1.43085247798031
"233","Andrena_minutula",2000,1,0,1,0.917356002798129
"234","Andrena_minutula",2001,1,0,1,-2.37975214992584
"235","Andrena_minutula",2002,1,0,1,-1.65500538246414
"236","Andrena_minutula",2003,1,0,1,-0.533416822865502
"237","Andrena_minutula",2004,1,0,1,0.893347745071077
"238","Andrena_minutula",2005,1,0,1,-0.294297504197949
"239","Andrena_minutula",2006,1,0,1,-0.197599021563851
"240","Andrena_minutula",2007,1,0,1,-0.205291995768017
"241","Andrena_minutula",2008,1,0,1,-1.20561036347512
"242","Andrena_minutula",2009,1,0,1,-0.681490552616434
"243","Andrena_minutula",2010,1,0,1,-0.0872786119204279
"244","Andrena_minutula",2011,1,0,1,0.860058541627797
"245","Andrena_minutula",2012,1,0,1,-2.48301111360253
"246","Andrena_minutula",2013,1,0,1,1.29912581109245
"247","Andrena_minutula",2014,1,0,1,0.224496701858834
"248","Andrena_minutula",2015,1,0,1,0.663181700320541
"249","Andrena_nigroaenea",1985,1,0,1,0.0701402850015599
"250","Andrena_nigroaenea",1986,1,0,1,1.41827108168247
"251","Andrena_nigroaenea",1987,1,0,1,0.297038550910454
"252","Andrena_nigroaenea",1988,1,0,1,0.163980010204408
"253","Andrena_nigroaenea",1989,1,0,1,1.00532642697585
"254","Andrena_nigroaenea",1990,1,0,1,-0.106517922118111
"255","Andrena_nigroaenea",1991,1,0,1,0.251811825639634
"256","Andrena_nigroaenea",1992,1,0,1,-0.128073968910334
"257","Andrena_nigroaenea",1993,1,0,1,0.0177113195253897
"258","Andrena_nigroaenea",1994,1,0,1,-0.104808632807502
"259","Andrena_nigroaenea",1995,1,0,1,-0.301653680963854
"260","Andrena_nigroaenea",1996,1,0,1,-0.691946557840838
"261","Andrena_nigroaenea",1997,1,0,1,-0.973892025184284
"262","Andrena_nigroaenea",1998,1,0,1,-0.773267534244542
"263","Andrena_nigroaenea",1999,1,0,1,1.14918027610736
"264","Andrena_nigroaenea",2000,1,0,1,1.00193159417598
"265","Andrena_nigroaenea",2001,1,0,1,-1.47748036218508
"266","Andrena_nigroaenea",2002,1,0,1,-1.39261284490665
"267","Andrena_nigroaenea",2003,1,0,1,-1.74796510774184
"268","Andrena_nigroaenea",2004,1,0,1,0.120319472522863
"269","Andrena_nigroaenea",2005,1,0,1,2.3821524215026
"270","Andrena_nigroaenea",2006,1,0,1,0.830273340949492
"271","Andrena_nigroaenea",2007,1,0,1,-0.184184404562834
"272","Andrena_nigroaenea",2008,1,0,1,0.0174316974118855
"273","Andrena_nigroaenea",2009,1,0,1,-1.67696580103059
"274","Andrena_nigroaenea",2010,1,0,1,1.53846162920983
"275","Andrena_nigroaenea",2011,1,0,1,-0.107642847256692
"276","Andrena_nigroaenea",2012,1,0,1,-0.839440918620274
"277","Andrena_nigroaenea",2013,1,0,1,-0.403783807675558
"278","Andrena_nigroaenea",2014,1,0,1,-0.785292900323196
"279","Andrena_nigroaenea",2015,1,0,1,1.43149938455238
"280","Andrena_nitida",1985,1,0,1,-0.059444510695045
"281","Andrena_nitida",1986,1,0,1,-0.198922449524355
"282","Andrena_nitida",1987,1,0,1,0.461958143569321
"283","Andrena_nitida",1988,1,0,1,0.390727991837852
"284","Andrena_nitida",1989,1,0,1,0.0768302496691636
"285","Andrena_nitida",1990,1,0,1,0.0571536498322547
"286","Andrena_nitida",1991,1,0,1,0.593405852125932
"287","Andrena_nitida",1992,1,0,1,0.654285121896064
"288","Andrena_nitida",1993,1,0,1,0.333088866497723
"289","Andrena_nitida",1994,1,0,1,-0.0161359844527896
"290","Andrena_nitida",1995,1,0,1,-0.456495464565083
"291","Andrena_nitida",1996,1,0,1,0.281728887020915
"292","Andrena_nitida",1997,1,0,1,0.242583355612647
"293","Andrena_nitida",1998,1,0,1,-0.559926646149325
"294","Andrena_nitida",1999,1,0,1,1.58926644417335
"295","Andrena_nitida",2000,1,0,1,0.052625841786808
"296","Andrena_nitida",2001,1,0,1,-0.805658167081032
"297","Andrena_nitida",2002,1,0,1,-0.822849653112959
"298","Andrena_nitida",2003,1,0,1,-0.55097571944489
"299","Andrena_nitida",2004,1,0,1,1.3428822062984
"300","Andrena_nitida",2005,1,0,1,1.70134126298001
"301","Andrena_nitida",2006,1,0,1,0.147202835361395
"302","Andrena_nitida",2007,1,0,1,-2.08352697384268
"303","Andrena_nitida",2008,1,0,1,0.168818517038436
"304","Andrena_nitida",2009,1,0,1,-2.0548781293113
"305","Andrena_nitida",2010,1,0,1,0.160212415950043
"306","Andrena_nitida",2011,1,0,1,1.21530271513843
"307","Andrena_nitida",2012,1,0,1,0.472509376625773
"308","Andrena_nitida",2013,1,0,1,-2.24048753339408
"309","Andrena_nitida",2014,1,0,1,-1.42656185883086
"310","Andrena_nitida",2015,1,0,1,1.33393935698989
"311","Andrena_scotica",1985,1,0,1,0.0647449068511613
"312","Andrena_scotica",1986,1,0,1,-0.45602867266309
"313","Andrena_scotica",1987,1,0,1,0.145488603522271
"314","Andrena_scotica",1988,1,0,1,0.311611185562061
"315","Andrena_scotica",1989,1,0,1,0.923696971146064
"316","Andrena_scotica",1990,1,0,1,0.156886095213611
"317","Andrena_scotica",1991,1,0,1,0.506492338643117
"318","Andrena_scotica",1992,1,0,1,0.75266542094128
"319","Andrena_scotica",1993,1,0,1,-0.628499054680904
"320","Andrena_scotica",1994,1,0,1,0.0283610090982793
"321","Andrena_scotica",1995,1,0,1,-0.11121246605966
"322","Andrena_scotica",1996,1,0,1,-0.434548153571558
"323","Andrena_scotica",1997,1,0,1,-0.336363377827546
"324","Andrena_scotica",1998,1,0,1,-0.570716607879065
"325","Andrena_scotica",1999,1,0,1,-1.33942604103563
"326","Andrena_scotica",2000,1,0,1,-0.168204838445942
"327","Andrena_scotica",2001,1,0,1,-1.62932136956352
"328","Andrena_scotica",2002,1,0,1,-1.04851125016244
"329","Andrena_scotica",2003,1,0,1,-0.411913739365812
"330","Andrena_scotica",2004,1,0,1,2.26243908921249
"331","Andrena_scotica",2005,1,0,1,1.33524165885593
"332","Andrena_scotica",2006,1,0,1,0.177914983821521
"333","Andrena_scotica",2007,1,0,1,-1.3793090839421
"334","Andrena_scotica",2008,1,0,1,1.3602718629854
"335","Andrena_scotica",2009,1,0,1,-1.37241628881859
"336","Andrena_scotica",2010,1,0,1,-0.630612827777004
"337","Andrena_scotica",2011,1,0,1,0.73797531157112
"338","Andrena_scotica",2012,1,0,1,-0.556221085372203
"339","Andrena_scotica",2013,1,0,1,-0.363600529804659
"340","Andrena_scotica",2014,1,0,1,-0.0163254355731489
"341","Andrena_scotica",2015,1,0,1,2.68944138511859
"342","Andrena_subopaca",1985,0,0,1,0.221633237583339
"343","Andrena_subopaca",1986,0,0,1,0.208426922617519
"344","Andrena_subopaca",1987,0,0,1,0.312663394896944
"345","Andrena_subopaca",1988,0,0,1,0.508441065378103
"346","Andrena_subopaca",1989,0,0,1,-0.316912427134615
"347","Andrena_subopaca",1990,0,0,1,-0.36728089311665
"348","Andrena_subopaca",1991,0,0,1,0.93052040642006
"349","Andrena_subopaca",1992,0,0,1,1.04823339381444
"350","Andrena_subopaca",1993,0,0,1,0.250337227163504
"351","Andrena_subopaca",1994,0,0,1,0.518048103811894
"352","Andrena_subopaca",1995,0,0,1,-0.060808966791775
"353","Andrena_subopaca",1996,0,0,1,-0.971659712958228
"354","Andrena_subopaca",1997,0,0,1,-0.657147675125015
"355","Andrena_subopaca",1998,0,0,1,-1.10331062218688
"356","Andrena_subopaca",1999,0,0,1,0.991564078698173
"357","Andrena_subopaca",2000,0,0,1,0.948071056308932
"358","Andrena_subopaca",2001,0,0,1,-1.44378082343827
"359","Andrena_subopaca",2002,0,0,1,-0.442526799900164
"360","Andrena_subopaca",2003,0,0,1,-0.908926802374026
"361","Andrena_subopaca",2004,0,0,1,0.0240207014429863
"362","Andrena_subopaca",2005,0,0,1,0.848882609037919
"363","Andrena_subopaca",2006,0,0,1,-0.172510683191547
"364","Andrena_subopaca",2007,0,0,1,-0.543971048012197
"365","Andrena_subopaca",2008,0,0,1,2.9457131613055
"366","Andrena_subopaca",2009,0,0,1,-0.0973790948549659
"367","Andrena_subopaca",2010,0,0,1,-1.44015893275234
"368","Andrena_subopaca",2011,0,0,1,-2.23549564506133
"369","Andrena_subopaca",2012,0,0,1,-1.01422407342077
"370","Andrena_subopaca",2013,0,0,1,1.04617071004971
"371","Andrena_subopaca",2014,0,0,1,0.358699807780886
"372","Andrena_subopaca",2015,0,0,1,0.614668324008845
"373","Anthophora_plumipes",1985,0,0,1,-0.260253356712645
"374","Anthophora_plumipes",1986,0,0,1,-0.703365188896448
"375","Anthophora_plumipes",1987,0,0,1,-0.690695362544328
"376","Anthophora_plumipes",1988,0,0,1,0.213371278018505
"377","Anthophora_plumipes",1989,0,0,1,0.253122352973355
"378","Anthophora_plumipes",1990,0,0,1,0.430683989422978
"379","Anthophora_plumipes",1991,0,0,1,0.643751795492192
"380","Anthophora_plumipes",1992,0,0,1,-0.618627031432842
"381","Anthophora_plumipes",1993,0,0,1,0.549440669293112
"382","Anthophora_plumipes",1994,0,0,1,1.55614246669138
"383","Anthophora_plumipes",1995,0,0,1,-2.51186192275889
"384","Anthophora_plumipes",1996,0,0,1,0.084089266626698
"385","Anthophora_plumipes",1997,0,0,1,1.18245589385133
"386","Anthophora_plumipes",1998,0,0,1,-1.89579981593912
"387","Anthophora_plumipes",1999,0,0,1,0.566005774289732
"388","Anthophora_plumipes",2000,0,0,1,0.645615484653255
"389","Anthophora_plumipes",2001,0,0,1,0.637479055350528
"390","Anthophora_plumipes",2002,0,0,1,-0.689155326543491
"391","Anthophora_plumipes",2003,0,0,1,0.0600035877060681
"392","Anthophora_plumipes",2004,0,0,1,-0.126894693689317
"393","Anthophora_plumipes",2005,0,0,1,0.610735683508076
"394","Anthophora_plumipes",2006,0,0,1,-1.57652809877381
"395","Anthophora_plumipes",2007,0,0,1,1.73579709263709
"396","Anthophora_plumipes",2008,0,0,1,-1.65010647264255
"397","Anthophora_plumipes",2009,0,0,1,0.428153204584863
"398","Anthophora_plumipes",2010,0,0,1,-0.755054016527366
"399","Anthophora_plumipes",2011,0,0,1,1.49386730508017
"400","Anthophora_plumipes",2012,0,0,1,-0.183555818028425
"401","Anthophora_plumipes",2013,0,0,1,0.461551498518246
"402","Anthophora_plumipes",2014,0,0,1,-0.372831649266316
"403","Anthophora_plumipes",2015,0,0,1,0.482462355057961
"404","Bombus_hortorum",1985,1,1,1,-0.162896916145845
"405","Bombus_hortorum",1986,1,1,1,-0.360850069879912
"406","Bombus_hortorum",1987,1,1,1,0.434608079831703
"407","Bombus_hortorum",1988,1,1,1,-0.64289144731909
"408","Bombus_hortorum",1989,1,1,1,-1.10764380572637
"409","Bombus_hortorum",1990,1,1,1,-0.865925228672708
"410","Bombus_hortorum",1991,1,1,1,0.922196147715993
"411","Bombus_hortorum",1992,1,1,1,1.88966749822969
"412","Bombus_hortorum",1993,1,1,1,0.00597638229605558
"413","Bombus_hortorum",1994,1,1,1,0.0187503433892477
"414","Bombus_hortorum",1995,1,1,1,0.103171262869787
"415","Bombus_hortorum",1996,1,1,1,-0.533339832943985
"416","Bombus_hortorum",1997,1,1,1,0.0230291948017312
"417","Bombus_hortorum",1998,1,1,1,1.69878813003716
"418","Bombus_hortorum",1999,1,1,1,1.42453089249266
"419","Bombus_hortorum",2000,1,1,1,-2.71158552487784
"420","Bombus_hortorum",2001,1,1,1,0.52075452830461
"421","Bombus_hortorum",2002,1,1,1,0.0297373408077065
"422","Bombus_hortorum",2003,1,1,1,-0.718225029677105
"423","Bombus_hortorum",2004,1,1,1,-0.144674889770863
"424","Bombus_hortorum",2005,1,1,1,0.652255809816839
"425","Bombus_hortorum",2006,1,1,1,-0.457044727213241
"426","Bombus_hortorum",2007,1,1,1,-1.12951498707012
"427","Bombus_hortorum",2008,1,1,1,1.01554583984719
"428","Bombus_hortorum",2009,1,1,1,0.831357494145745
"429","Bombus_hortorum",2010,1,1,1,-0.0431405919487131
"430","Bombus_hortorum",2011,1,1,1,0.28654162586766
"431","Bombus_hortorum",2012,1,1,1,-0.104541208289677
"432","Bombus_hortorum",2013,1,1,1,-0.286504691720132
"433","Bombus_hortorum",2014,1,1,1,-1.95053658959789
"434","Bombus_hortorum",2015,1,1,1,1.36240497039972
"435","Bombus_hypnorum",1985,1,1,1,-0.307894704027719
"436","Bombus_hypnorum",1986,1,1,1,-0.307894704027719
"437","Bombus_hypnorum",1987,1,1,1,-0.307894704027719
"438","Bombus_hypnorum",1988,1,1,1,-0.307894704027719
"439","Bombus_hypnorum",1989,1,1,1,-0.307894704027719
"440","Bombus_hypnorum",1990,1,1,1,-0.307894704027719
"441","Bombus_hypnorum",1991,1,1,1,-0.307894704027719
"442","Bombus_hypnorum",1992,1,1,1,-0.307894704027719
"443","Bombus_hypnorum",1993,1,1,1,-0.307894704027719
"444","Bombus_hypnorum",1994,1,1,1,-0.307894704027719
"445","Bombus_hypnorum",1995,1,1,1,-0.307894704027719
"446","Bombus_hypnorum",1996,1,1,1,-0.307894704027719
"447","Bombus_hypnorum",1997,1,1,1,-0.307894704027719
"448","Bombus_hypnorum",1998,1,1,1,-0.307894704027719
"449","Bombus_hypnorum",1999,1,1,1,-0.307894704027719
"450","Bombus_hypnorum",2000,1,1,1,-0.307894704027719
"451","Bombus_hypnorum",2001,1,1,1,-0.307894704027719
"452","Bombus_hypnorum",2002,1,1,1,-1.35862312802301
"453","Bombus_hypnorum",2003,1,1,1,-0.665259944339932
"454","Bombus_hypnorum",2004,1,1,1,-0.546155187543428
"455","Bombus_hypnorum",2005,1,1,1,-0.717526137180253
"456","Bombus_hypnorum",2006,1,1,1,-0.0067496395325394
"457","Bombus_hypnorum",2007,1,1,1,0.324623972225748
"458","Bombus_hypnorum",2008,1,1,1,-0.0191574485678588
"459","Bombus_hypnorum",2009,1,1,1,4.40303397740335
"460","Bombus_hypnorum",2010,1,1,1,1.59251884796646
"461","Bombus_hypnorum",2011,1,1,1,1.67210049900303
"462","Bombus_hypnorum",2012,1,1,1,0.25043903703115
"463","Bombus_hypnorum",2013,1,1,1,0.305862795837443
"464","Bombus_hypnorum",2014,1,1,1,0.390733733310982
"465","Bombus_hypnorum",2015,1,1,1,-0.391631409119922
"466","Bombus_lapidarius",1985,1,1,1,-0.343810862474123
"467","Bombus_lapidarius",1986,1,1,1,-1.40940356878405
"468","Bombus_lapidarius",1987,1,1,1,0.395321279206208
"469","Bombus_lapidarius",1988,1,1,1,-0.341668492787914
"470","Bombus_lapidarius",1989,1,1,1,-0.69916084738829
"471","Bombus_lapidarius",1990,1,1,1,-1.66073458217815
"472","Bombus_lapidarius",1991,1,1,1,0.444229918354346
"473","Bombus_lapidarius",1992,1,1,1,1.49068174528824
"474","Bombus_lapidarius",1993,1,1,1,1.55814658135198
"475","Bombus_lapidarius",1994,1,1,1,1.69571837364036
"476","Bombus_lapidarius",1995,1,1,1,0.181101650264885
"477","Bombus_lapidarius",1996,1,1,1,0.825492486292186
"478","Bombus_lapidarius",1997,1,1,1,0.364930877134551
"479","Bombus_lapidarius",1998,1,1,1,0.738845097942602
"480","Bombus_lapidarius",1999,1,1,1,-0.73764844724332
"481","Bombus_lapidarius",2000,1,1,1,-0.447493170235771
"482","Bombus_lapidarius",2001,1,1,1,0.258671409924369
"483","Bombus_lapidarius",2002,1,1,1,0.221368712208298
"484","Bombus_lapidarius",2003,1,1,1,-0.340349054922814
"485","Bombus_lapidarius",2004,1,1,1,-1.30064920646806
"486","Bombus_lapidarius",2005,1,1,1,-0.530359066462919
"487","Bombus_lapidarius",2006,1,1,1,0.884757672661061
"488","Bombus_lapidarius",2007,1,1,1,-0.978273127738556
"489","Bombus_lapidarius",2008,1,1,1,-1.47543094180386
"490","Bombus_lapidarius",2009,1,1,1,1.07519241622834
"491","Bombus_lapidarius",2010,1,1,1,0.427862955123873
"492","Bombus_lapidarius",2011,1,1,1,-0.415967433716321
"493","Bombus_lapidarius",2012,1,1,1,-0.464742654664446
"494","Bombus_lapidarius",2013,1,1,1,1.39772613824038
"495","Bombus_lapidarius",2014,1,1,1,-1.88709076116705
"496","Bombus_lapidarius",2015,1,1,1,1.07273490417398
"497","Bombus_pascuorum",1985,1,1,1,-0.238669440569504
"498","Bombus_pascuorum",1986,1,1,1,-1.84443182079146
"499","Bombus_pascuorum",1987,1,1,1,0.228505362316283
"500","Bombus_pascuorum",1988,1,1,1,0.435884254332545
"501","Bombus_pascuorum",1989,1,1,1,0.0169994835480709
"502","Bombus_pascuorum",1990,1,1,1,-1.59805123134937
"503","Bombus_pascuorum",1991,1,1,1,0.807967072648992
"504","Bombus_pascuorum",1992,1,1,1,1.82527427614574
"505","Bombus_pascuorum",1993,1,1,1,0.311792125153059
"506","Bombus_pascuorum",1994,1,1,1,1.58827520092579
"507","Bombus_pascuorum",1995,1,1,1,-0.949886477721751
"508","Bombus_pascuorum",1996,1,1,1,-0.293343002371825
"509","Bombus_pascuorum",1997,1,1,1,2.15039031585292
"510","Bombus_pascuorum",1998,1,1,1,1.68040934385294
"511","Bombus_pascuorum",1999,1,1,1,-0.352034879346081
"512","Bombus_pascuorum",2000,1,1,1,0.327123619488168
"513","Bombus_pascuorum",2001,1,1,1,-0.0728894187939821
"514","Bombus_pascuorum",2002,1,1,1,-0.507631633574862
"515","Bombus_pascuorum",2003,1,1,1,0.347523184766011
"516","Bombus_pascuorum",2004,1,1,1,-1.29361770575597
"517","Bombus_pascuorum",2005,1,1,1,-1.43588406867738
"518","Bombus_pascuorum",2006,1,1,1,-0.384420406745834
"519","Bombus_pascuorum",2007,1,1,1,-1.67392247421172
"520","Bombus_pascuorum",2008,1,1,1,0.614504735919783
"521","Bombus_pascuorum",2009,1,1,1,0.0880306189524735
"522","Bombus_pascuorum",2010,1,1,1,0.627721941197168
"523","Bombus_pascuorum",2011,1,1,1,0.0348262995101422
"524","Bombus_pascuorum",2012,1,1,1,-0.0348366977268996
"525","Bombus_pascuorum",2013,1,1,1,-0.344163042665388
"526","Bombus_pascuorum",2014,1,1,1,-0.531922394908032
"527","Bombus_pascuorum",2015,1,1,1,0.470476860599974
"528","Bombus_pratorum",1985,1,1,1,-0.165556957757318
"529","Bombus_pratorum",1986,1,1,1,-0.118174812352002
"530","Bombus_pratorum",1987,1,1,1,1.33710167880987
"531","Bombus_pratorum",1988,1,1,1,-1.03520403890943
"532","Bombus_pratorum",1989,1,1,1,2.88336224385483e-05
"533","Bombus_pratorum",1990,1,1,1,-1.4791413948947
"534","Bombus_pratorum",1991,1,1,1,-0.407849020431777
"535","Bombus_pratorum",1992,1,1,1,2.24602269729712
"536","Bombus_pratorum",1993,1,1,1,-0.214626712451281
"537","Bombus_pratorum",1994,1,1,1,-1.05182138187585
"538","Bombus_pratorum",1995,1,1,1,1.00196385623097
"539","Bombus_pratorum",1996,1,1,1,0.38897361749982
"540","Bombus_pratorum",1997,1,1,1,0.774740460208272
"541","Bombus_pratorum",1998,1,1,1,0.810300234412486
"542","Bombus_pratorum",1999,1,1,1,-0.0974231475459606
"543","Bombus_pratorum",2000,1,1,1,0.826670528785059
"544","Bombus_pratorum",2001,1,1,1,-1.28985158984064
"545","Bombus_pratorum",2002,1,1,1,0.613541044185661
"546","Bombus_pratorum",2003,1,1,1,-0.857217297882847
"547","Bombus_pratorum",2004,1,1,1,-1.17781743913887
"548","Bombus_pratorum",2005,1,1,1,-0.691990632948035
"549","Bombus_pratorum",2006,1,1,1,0.986884067526584
"550","Bombus_pratorum",2007,1,1,1,-1.89714747665546
"551","Bombus_pratorum",2008,1,1,1,-0.397488249141682
"552","Bombus_pratorum",2009,1,1,1,0.954497855183076
"553","Bombus_pratorum",2010,1,1,1,-0.737033138729795
"554","Bombus_pratorum",2011,1,1,1,0.642674079308449
"555","Bombus_pratorum",2012,1,1,1,-0.872634501858622
"556","Bombus_pratorum",2013,1,1,1,1.84087412544328
"557","Bombus_pratorum",2014,1,1,1,-0.126304499886311
"558","Bombus_pratorum",2015,1,1,1,0.193009213787486
"559","Bombus_terrestris",1985,1,1,1,-0.129427842148212
"560","Bombus_terrestris",1986,1,1,1,-0.640002699359954
"561","Bombus_terrestris",1987,1,1,1,0.578566993335798
"562","Bombus_terrestris",1988,1,1,1,-0.61952722154703
"563","Bombus_terrestris",1989,1,1,1,-0.772324023151651
"564","Bombus_terrestris",1990,1,1,1,-2.04114008069733
"565","Bombus_terrestris",1991,1,1,1,1.89285581484902
"566","Bombus_terrestris",1992,1,1,1,0.430496187030989
"567","Bombus_terrestris",1993,1,1,1,0.882690087116315
"568","Bombus_terrestris",1994,1,1,1,0.30209079505213
"569","Bombus_terrestris",1995,1,1,1,-1.51529605894183
"570","Bombus_terrestris",1996,1,1,1,1.33441678172886
"571","Bombus_terrestris",1997,1,1,1,1.534197498482
"572","Bombus_terrestris",1998,1,1,1,1.44580077902742
"573","Bombus_terrestris",1999,1,1,1,-0.0501059019354721
"574","Bombus_terrestris",2000,1,1,1,0.072793685489357
"575","Bombus_terrestris",2001,1,1,1,-0.490583075979121
"576","Bombus_terrestris",2002,1,1,1,0.911851836968122
"577","Bombus_terrestris",2003,1,1,1,-0.386879764304066
"578","Bombus_terrestris",2004,1,1,1,-0.435472254386924
"579","Bombus_terrestris",2005,1,1,1,-0.870109290149639
"580","Bombus_terrestris",2006,1,1,1,-0.837598147524142
"581","Bombus_terrestris",2007,1,1,1,0.548294547482428
"582","Bombus_terrestris",2008,1,1,1,-1.49925556285033
"583","Bombus_terrestris",2009,1,1,1,0.601590487755545
"584","Bombus_terrestris",2010,1,1,1,-0.755138337972594
"585","Bombus_terrestris",2011,1,1,1,-0.419411542226118
"586","Bombus_terrestris",2012,1,1,1,1.22625105223831
"587","Bombus_terrestris",2013,1,1,1,1.27674268831625
"588","Bombus_terrestris",2014,1,1,1,-0.893605020769094
"589","Bombus_terrestris",2015,1,1,1,-0.682762410929045
"590","Halictus_rubicundus",1985,0,0,1,0.273007498079877
"591","Halictus_rubicundus",1986,0,0,1,1.01690452900912
"592","Halictus_rubicundus",1987,0,0,1,0.144328719884495
"593","Halictus_rubicundus",1988,0,0,1,-0.105701210901836
"594","Halictus_rubicundus",1989,0,0,1,0.125792836943951
"595","Halictus_rubicundus",1990,0,0,1,0.237592322357937
"596","Halictus_rubicundus",1991,0,0,1,-1.16749676859488
"597","Halictus_rubicundus",1992,0,0,1,-0.962213479719648
"598","Halictus_rubicundus",1993,0,0,1,-0.758755806616986
"599","Halictus_rubicundus",1994,0,0,1,-0.0135806668473143
"600","Halictus_rubicundus",1995,0,0,1,-0.812176635834011
"601","Halictus_rubicundus",1996,0,0,1,-0.196505883018655
"602","Halictus_rubicundus",1997,0,0,1,-1.07192907605922
"603","Halictus_rubicundus",1998,0,0,1,-0.848061241255264
"604","Halictus_rubicundus",1999,0,0,1,-1.78589114131654
"605","Halictus_rubicundus",2000,0,0,1,-0.820066765383613
"606","Halictus_rubicundus",2001,0,0,1,0.684272712455709
"607","Halictus_rubicundus",2002,0,0,1,0.168703542972989
"608","Halictus_rubicundus",2003,0,0,1,0.432524000288646
"609","Halictus_rubicundus",2004,0,0,1,0.571235045815891
"610","Halictus_rubicundus",2005,0,0,1,2.3700375505543
"611","Halictus_rubicundus",2006,0,0,1,0.0606161275024012
"612","Halictus_rubicundus",2007,0,0,1,-1.39224567791475
"613","Halictus_rubicundus",2008,0,0,1,-0.604215761698167
"614","Halictus_rubicundus",2009,0,0,1,-0.98615756385638
"615","Halictus_rubicundus",2010,0,0,1,0.182897249510016
"616","Halictus_rubicundus",2011,0,0,1,0.537180617114475
"617","Halictus_rubicundus",2012,0,0,1,0.126234089265675
"618","Halictus_rubicundus",2013,0,0,1,0.394240916388066
"619","Halictus_rubicundus",2014,0,0,1,1.72812855712852
"620","Halictus_rubicundus",2015,0,0,1,2.4713013637452
"621","Halictus_tumulorum",1985,0,0,1,0.068259814655347
"622","Halictus_tumulorum",1986,0,0,1,-1.23922865130866
"623","Halictus_tumulorum",1987,0,0,1,0.374637315772508
"624","Halictus_tumulorum",1988,0,0,1,0.639385041245947
"625","Halictus_tumulorum",1989,0,0,1,0.575005353697077
"626","Halictus_tumulorum",1990,0,0,1,-0.169697856225133
"627","Halictus_tumulorum",1991,0,0,1,-0.993904698420755
"628","Halictus_tumulorum",1992,0,0,1,-1.02667672440315
"629","Halictus_tumulorum",1993,0,0,1,0.594307103772788
"630","Halictus_tumulorum",1994,0,0,1,1.01735922906166
"631","Halictus_tumulorum",1995,0,0,1,0.517631743066596
"632","Halictus_tumulorum",1996,0,0,1,-1.13134291406068
"633","Halictus_tumulorum",1997,0,0,1,-0.365423385709063
"634","Halictus_tumulorum",1998,0,0,1,-0.846901324996789
"635","Halictus_tumulorum",1999,0,0,1,1.08119289309756
"636","Halictus_tumulorum",2000,0,0,1,0.674149124481974
"637","Halictus_tumulorum",2001,0,0,1,-0.816760676332758
"638","Halictus_tumulorum",2002,0,0,1,-1.83644121432184
"639","Halictus_tumulorum",2003,0,0,1,1.25439247683755
"640","Halictus_tumulorum",2004,0,0,1,0.549905901296599
"641","Halictus_tumulorum",2005,0,0,1,0.0312313219337582
"642","Halictus_tumulorum",2006,0,0,1,0.979943836209844
"643","Halictus_tumulorum",2007,0,0,1,-0.983786398446096
"644","Halictus_tumulorum",2008,0,0,1,0.169344178841928
"645","Halictus_tumulorum",2009,0,0,1,-1.52439534050296
"646","Halictus_tumulorum",2010,0,0,1,-0.819607519273728
"647","Halictus_tumulorum",2011,0,0,1,0.252718110529362
"648","Halictus_tumulorum",2012,0,0,1,1.17207143944898
"649","Halictus_tumulorum",2013,0,0,1,-1.32122413481853
"650","Halictus_tumulorum",2014,0,0,1,2.32596283587938
"651","Halictus_tumulorum",2015,0,0,1,0.797893118991285
"652","Lasioglossum_albipes",1985,0,0,1,0.0904768348664523
"653","Lasioglossum_albipes",1986,0,0,1,1.36969344323821
"654","Lasioglossum_albipes",1987,0,0,1,0.398466263518914
"655","Lasioglossum_albipes",1988,0,0,1,0.423979660138872
"656","Lasioglossum_albipes",1989,0,0,1,0.804647318453722
"657","Lasioglossum_albipes",1990,0,0,1,-2.24769800836178
"658","Lasioglossum_albipes",1991,0,0,1,-0.262198715100974
"659","Lasioglossum_albipes",1992,0,0,1,0.328800623992298
"660","Lasioglossum_albipes",1993,0,0,1,0.516960335797184
"661","Lasioglossum_albipes",1994,0,0,1,0.944227933415105
"662","Lasioglossum_albipes",1995,0,0,1,0.0146680862206384
"663","Lasioglossum_albipes",1996,0,0,1,-0.725382110193861
"664","Lasioglossum_albipes",1997,0,0,1,-1.62510121619025
"665","Lasioglossum_albipes",1998,0,0,1,-0.497676483625016
"666","Lasioglossum_albipes",1999,0,0,1,0.42453359042195
"667","Lasioglossum_albipes",2000,0,0,1,0.712089210136521
"668","Lasioglossum_albipes",2001,0,0,1,-0.193640715547834
"669","Lasioglossum_albipes",2002,0,0,1,-2.2244715401918
"670","Lasioglossum_albipes",2003,0,0,1,0.886142152300737
"671","Lasioglossum_albipes",2004,0,0,1,0.181469926343892
"672","Lasioglossum_albipes",2005,0,0,1,0.288431214688193
"673","Lasioglossum_albipes",2006,0,0,1,-0.379098387594277
"674","Lasioglossum_albipes",2007,0,0,1,0.524525407402046
"675","Lasioglossum_albipes",2008,0,0,1,0.975791790227937
"676","Lasioglossum_albipes",2009,0,0,1,-1.21365593749877
"677","Lasioglossum_albipes",2010,0,0,1,0.405785859587553
"678","Lasioglossum_albipes",2011,0,0,1,-0.0220235798344875
"679","Lasioglossum_albipes",2012,0,0,1,-1.87451232438859
"680","Lasioglossum_albipes",2013,0,0,1,-0.736446972931355
"681","Lasioglossum_albipes",2014,0,0,1,1.27862179870681
"682","Lasioglossum_albipes",2015,0,0,1,1.43259454200194
"683","Lasioglossum_calceatum",1985,1,0,1,0.156635070782023
"684","Lasioglossum_calceatum",1986,1,0,1,-0.137399091591291
"685","Lasioglossum_calceatum",1987,1,0,1,-0.673150203434584
"686","Lasioglossum_calceatum",1988,1,0,1,-0.817750708905691
"687","Lasioglossum_calceatum",1989,1,0,1,-0.0455776467667596
"688","Lasioglossum_calceatum",1990,1,0,1,-1.26742255403775
"689","Lasioglossum_calceatum",1991,1,0,1,-1.64734836296643
"690","Lasioglossum_calceatum",1992,1,0,1,0.0161869788169328
"691","Lasioglossum_calceatum",1993,1,0,1,0.679070685298773
"692","Lasioglossum_calceatum",1994,1,0,1,-0.273285273249497
"693","Lasioglossum_calceatum",1995,1,0,1,0.677600291380545
"694","Lasioglossum_calceatum",1996,1,0,1,-0.333816577387187
"695","Lasioglossum_calceatum",1997,1,0,1,-1.36873208014386
"696","Lasioglossum_calceatum",1998,1,0,1,-1.14193058171729
"697","Lasioglossum_calceatum",1999,1,0,1,0.688209789576931
"698","Lasioglossum_calceatum",2000,1,0,1,-1.73166210292997
"699","Lasioglossum_calceatum",2001,1,0,1,1.748085185177
"700","Lasioglossum_calceatum",2002,1,0,1,0.612735453530197
"701","Lasioglossum_calceatum",2003,1,0,1,1.00836874109852
"702","Lasioglossum_calceatum",2004,1,0,1,0.869340888038081
"703","Lasioglossum_calceatum",2005,1,0,1,2.99483745867474
"704","Lasioglossum_calceatum",2006,1,0,1,-0.923604753562649
"705","Lasioglossum_calceatum",2007,1,0,1,0.829818473826467
"706","Lasioglossum_calceatum",2008,1,0,1,0.656156607553907
"707","Lasioglossum_calceatum",2009,1,0,1,0.0587543557268221
"708","Lasioglossum_calceatum",2010,1,0,1,-0.257454383411809
"709","Lasioglossum_calceatum",2011,1,0,1,-0.232244418197718
"710","Lasioglossum_calceatum",2012,1,0,1,0.387314930801507
"711","Lasioglossum_calceatum",2013,1,0,1,0.223147733596889
"712","Lasioglossum_calceatum",2014,1,0,1,-0.414299124308218
"713","Lasioglossum_calceatum",2015,1,0,1,-0.340584781268636
"714","Lasioglossum_fulvicorne",1985,0,0,1,0.189924165448822
"715","Lasioglossum_fulvicorne",1986,0,0,1,-0.71347536455266
"716","Lasioglossum_fulvicorne",1987,0,0,1,-1.67268099636713
"717","Lasioglossum_fulvicorne",1988,0,0,1,-0.337124940605915
"718","Lasioglossum_fulvicorne",1989,0,0,1,-0.30646352791574
"719","Lasioglossum_fulvicorne",1990,0,0,1,-0.338555031607741
"720","Lasioglossum_fulvicorne",1991,0,0,1,0.298318255553379
"721","Lasioglossum_fulvicorne",1992,0,0,1,0.38132670678833
"722","Lasioglossum_fulvicorne",1993,0,0,1,-0.126833187715657
"723","Lasioglossum_fulvicorne",1994,0,0,1,1.2366853760148
"724","Lasioglossum_fulvicorne",1995,0,0,1,0.667564155071982
"725","Lasioglossum_fulvicorne",1996,0,0,1,0.866824244539376
"726","Lasioglossum_fulvicorne",1997,0,0,1,-0.824345544035492
"727","Lasioglossum_fulvicorne",1998,0,0,1,-1.028949188375
"728","Lasioglossum_fulvicorne",1999,0,0,1,0.316563844399848
"729","Lasioglossum_fulvicorne",2000,0,0,1,0.549579492102994
"730","Lasioglossum_fulvicorne",2001,0,0,1,-0.569211423060921
"731","Lasioglossum_fulvicorne",2002,0,0,1,-1.79684235630003
"732","Lasioglossum_fulvicorne",2003,0,0,1,0.12724854324822
"733","Lasioglossum_fulvicorne",2004,0,0,1,-1.98621295252001
"734","Lasioglossum_fulvicorne",2005,0,0,1,1.88724121974154
"735","Lasioglossum_fulvicorne",2006,0,0,1,1.39743126122915
"736","Lasioglossum_fulvicorne",2007,0,0,1,1.23241264284284
"737","Lasioglossum_fulvicorne",2008,0,0,1,-0.587436053292769
"738","Lasioglossum_fulvicorne",2009,0,0,1,-0.307551443521428
"739","Lasioglossum_fulvicorne",2010,0,0,1,-0.577890073225403
"740","Lasioglossum_fulvicorne",2011,0,0,1,0.578823448417183
"741","Lasioglossum_fulvicorne",2012,0,0,1,-1.15288892210649
"742","Lasioglossum_fulvicorne",2013,0,0,1,-0.284804063168752
"743","Lasioglossum_fulvicorne",2014,0,0,1,1.45158965919064
"744","Lasioglossum_fulvicorne",2015,0,0,1,1.42973205378203
"745","Lasioglossum_leucopus",1985,0,0,1,0.591430285735123
"746","Lasioglossum_leucopus",1986,0,0,1,0.451190754569739
"747","Lasioglossum_leucopus",1987,0,0,1,-0.221389631253588
"748","Lasioglossum_leucopus",1988,0,0,1,-1.53231795615907
"749","Lasioglossum_leucopus",1989,0,0,1,-0.0804785847634791
"750","Lasioglossum_leucopus",1990,0,0,1,-0.41780038991991
"751","Lasioglossum_leucopus",1991,0,0,1,-0.964267039014752
"752","Lasioglossum_leucopus",1992,0,0,1,0.10231634755086
"753","Lasioglossum_leucopus",1993,0,0,1,-1.11713190437737
"754","Lasioglossum_leucopus",1994,0,0,1,-1.52433603338953
"755","Lasioglossum_leucopus",1995,0,0,1,0.879157201080198
"756","Lasioglossum_leucopus",1996,0,0,1,-1.59375689845723
"757","Lasioglossum_leucopus",1997,0,0,1,-1.04337910269282
"758","Lasioglossum_leucopus",1998,0,0,1,-0.00740248777029899
"759","Lasioglossum_leucopus",1999,0,0,1,0.456747607338779
"760","Lasioglossum_leucopus",2000,0,0,1,1.09390791473995
"761","Lasioglossum_leucopus",2001,0,0,1,-0.120280462847188
"762","Lasioglossum_leucopus",2002,0,0,1,-1.76323856705729
"763","Lasioglossum_leucopus",2003,0,0,1,1.14361488358954
"764","Lasioglossum_leucopus",2004,0,0,1,1.5468691149008
"765","Lasioglossum_leucopus",2005,0,0,1,1.11760256282801
"766","Lasioglossum_leucopus",2006,0,0,1,1.46005010847907
"767","Lasioglossum_leucopus",2007,0,0,1,0.0245519962334519
"768","Lasioglossum_leucopus",2008,0,0,1,0.777507266825988
"769","Lasioglossum_leucopus",2009,0,0,1,-1.18598961035207
"770","Lasioglossum_leucopus",2010,0,0,1,-0.400837083646787
"771","Lasioglossum_leucopus",2011,0,0,1,1.70979221375141
"772","Lasioglossum_leucopus",2012,0,0,1,0.648896485837916
"773","Lasioglossum_leucopus",2013,0,0,1,0.585249524439685
"774","Lasioglossum_leucopus",2014,0,0,1,0.0763399575127086
"775","Lasioglossum_leucopus",2015,0,0,1,-0.692618473711836
"776","Lasioglossum_leucozonium",1985,0,0,1,0.51482309393574
"777","Lasioglossum_leucozonium",1986,0,0,1,-1.22861171446566
"778","Lasioglossum_leucozonium",1987,0,0,1,-0.881986569508811
"779","Lasioglossum_leucozonium",1988,0,0,1,-0.3609673195487
"780","Lasioglossum_leucozonium",1989,0,0,1,-0.387632824072708
"781","Lasioglossum_leucozonium",1990,0,0,1,-0.508353042348695
"782","Lasioglossum_leucozonium",1991,0,0,1,-0.307135452128115
"783","Lasioglossum_leucozonium",1992,0,0,1,1.90986130644369
"784","Lasioglossum_leucozonium",1993,0,0,1,0.648288930411278
"785","Lasioglossum_leucozonium",1994,0,0,1,2.20734914429228
"786","Lasioglossum_leucozonium",1995,0,0,1,-0.852110346050615
"787","Lasioglossum_leucozonium",1996,0,0,1,-0.774467105995934
"788","Lasioglossum_leucozonium",1997,0,0,1,-0.0550167122013752
"789","Lasioglossum_leucozonium",1998,0,0,1,0.650406345428686
"790","Lasioglossum_leucozonium",1999,0,0,1,-1.03812396334805
"791","Lasioglossum_leucozonium",2000,0,0,1,-1.20133768639869
"792","Lasioglossum_leucozonium",2001,0,0,1,1.21757253827823
"793","Lasioglossum_leucozonium",2002,0,0,1,-1.09277236342078
"794","Lasioglossum_leucozonium",2003,0,0,1,-0.222910209547619
"795","Lasioglossum_leucozonium",2004,0,0,1,1.0145364115532
"796","Lasioglossum_leucozonium",2005,0,0,1,-0.780279517883894
"797","Lasioglossum_leucozonium",2006,0,0,1,-0.66438822605286
"798","Lasioglossum_leucozonium",2007,0,0,1,-0.0387186458168584
"799","Lasioglossum_leucozonium",2008,0,0,1,0.0793310455731061
"800","Lasioglossum_leucozonium",2009,0,0,1,-0.509630669037167
"801","Lasioglossum_leucozonium",2010,0,0,1,-0.718040723299602
"802","Lasioglossum_leucozonium",2011,0,0,1,0.859294648377935
"803","Lasioglossum_leucozonium",2012,0,0,1,0.181317380649979
"804","Lasioglossum_leucozonium",2013,0,0,1,-0.960422512324584
"805","Lasioglossum_leucozonium",2014,0,0,1,0.989335799337349
"806","Lasioglossum_leucozonium",2015,0,0,1,2.31078895916924
"807","Lasioglossum_malachurum",1985,0,0,1,-0.0320721059593218
"808","Lasioglossum_malachurum",1986,0,0,1,-0.668868010049838
"809","Lasioglossum_malachurum",1987,0,0,1,-0.274167412846057
"810","Lasioglossum_malachurum",1988,0,0,1,-0.365428014276681
"811","Lasioglossum_malachurum",1989,0,0,1,-0.500272314614947
"812","Lasioglossum_malachurum",1990,0,0,1,0.062280302499795
"813","Lasioglossum_malachurum",1991,0,0,1,0.670428855642069
"814","Lasioglossum_malachurum",1992,0,0,1,0.353659646024137
"815","Lasioglossum_malachurum",1993,0,0,1,1.70613887924527
"816","Lasioglossum_malachurum",1994,0,0,1,0.786086158317606
"817","Lasioglossum_malachurum",1995,0,0,1,0.909961188296119
"818","Lasioglossum_malachurum",1996,0,0,1,0.771095401951794
"819","Lasioglossum_malachurum",1997,0,0,1,-1.09907998743874
"820","Lasioglossum_malachurum",1998,0,0,1,0.911926177494169
"821","Lasioglossum_malachurum",1999,0,0,1,-0.509800833458341
"822","Lasioglossum_malachurum",2000,0,0,1,0.43877113903998
"823","Lasioglossum_malachurum",2001,0,0,1,0.669274438936042
"824","Lasioglossum_malachurum",2002,0,0,1,-1.64127887076836
"825","Lasioglossum_malachurum",2003,0,0,1,-0.265598398935661
"826","Lasioglossum_malachurum",2004,0,0,1,1.60429386940534
"827","Lasioglossum_malachurum",2005,0,0,1,0.794873623389295
"828","Lasioglossum_malachurum",2006,0,0,1,-2.13382072387214
"829","Lasioglossum_malachurum",2007,0,0,1,-0.687019669301198
"830","Lasioglossum_malachurum",2008,0,0,1,-2.34796093516187
"831","Lasioglossum_malachurum",2009,0,0,1,0.242766490006761
"832","Lasioglossum_malachurum",2010,0,0,1,0.218594554681192
"833","Lasioglossum_malachurum",2011,0,0,1,-1.17925880869096
"834","Lasioglossum_malachurum",2012,0,0,1,-0.575177495359727
"835","Lasioglossum_malachurum",2013,0,0,1,0.0200881056338989
"836","Lasioglossum_malachurum",2014,0,0,1,1.20099206430146
"837","Lasioglossum_malachurum",2015,0,0,1,0.918572685868931
"838","Lasioglossum_morio",1985,0,0,1,0.172667263943528
"839","Lasioglossum_morio",1986,0,0,1,-0.847468527737743
"840","Lasioglossum_morio",1987,0,0,1,0.336194031528326
"841","Lasioglossum_morio",1988,0,0,1,0.380050405767607
"842","Lasioglossum_morio",1989,0,0,1,0.80638667990426
"843","Lasioglossum_morio",1990,0,0,1,1.03006022689151
"844","Lasioglossum_morio",1991,0,0,1,-1.08727755007691
"845","Lasioglossum_morio",1992,0,0,1,0.0440275732757389
"846","Lasioglossum_morio",1993,0,0,1,1.31178540477955
"847","Lasioglossum_morio",1994,0,0,1,0.174923635343538
"848","Lasioglossum_morio",1995,0,0,1,-0.212517314892793
"849","Lasioglossum_morio",1996,0,0,1,0.609947666071964
"850","Lasioglossum_morio",1997,0,0,1,-0.332283602899044
"851","Lasioglossum_morio",1998,0,0,1,-1.4722165486805
"852","Lasioglossum_morio",1999,0,0,1,-1.06277496590504
"853","Lasioglossum_morio",2000,0,0,1,0.113418747808431
"854","Lasioglossum_morio",2001,0,0,1,1.18308742813828
"855","Lasioglossum_morio",2002,0,0,1,1.23360143903448
"856","Lasioglossum_morio",2003,0,0,1,0.974205782404806
"857","Lasioglossum_morio",2004,0,0,1,-1.50083930688499
"858","Lasioglossum_morio",2005,0,0,1,0.181069434248801
"859","Lasioglossum_morio",2006,0,0,1,-1.30302060862137
"860","Lasioglossum_morio",2007,0,0,1,-0.426455306284326
"861","Lasioglossum_morio",2008,0,0,1,-1.00158608124415
"862","Lasioglossum_morio",2009,0,0,1,0.0367295400875811
"863","Lasioglossum_morio",2010,0,0,1,-0.235501616881481
"864","Lasioglossum_morio",2011,0,0,1,0.243802522618351
"865","Lasioglossum_morio",2012,0,0,1,-1.92557294150411
"866","Lasioglossum_morio",2013,0,0,1,-1.04139570080041
"867","Lasioglossum_morio",2014,0,0,1,1.70396025487723
"868","Lasioglossum_morio",2015,0,0,1,1.9129920356889
"869","Lasioglossum_pauxillum",1985,1,0,1,-0.234049809991484
"870","Lasioglossum_pauxillum",1986,1,0,1,-0.127117640318392
"871","Lasioglossum_pauxillum",1987,1,0,1,-0.180706277655392
"872","Lasioglossum_pauxillum",1988,1,0,1,-0.340502430380551
"873","Lasioglossum_pauxillum",1989,1,0,1,-0.26338023564064
"874","Lasioglossum_pauxillum",1990,1,0,1,-0.198830001197478
"875","Lasioglossum_pauxillum",1991,1,0,1,-0.378183721130669
"876","Lasioglossum_pauxillum",1992,1,0,1,-0.151873931722476
"877","Lasioglossum_pauxillum",1993,1,0,1,-0.0386986535429444
"878","Lasioglossum_pauxillum",1994,1,0,1,0.187721723654533
"879","Lasioglossum_pauxillum",1995,1,0,1,0.411215344907802
"880","Lasioglossum_pauxillum",1996,1,0,1,0.0288120119014859
"881","Lasioglossum_pauxillum",1997,1,0,1,1.44076016489895
"882","Lasioglossum_pauxillum",1998,1,0,1,1.50481190783849
"883","Lasioglossum_pauxillum",1999,1,0,1,1.49449050284969
"884","Lasioglossum_pauxillum",2000,1,0,1,0.367031473846101
"885","Lasioglossum_pauxillum",2001,1,0,1,0.196613082572135
"886","Lasioglossum_pauxillum",2002,1,0,1,-0.0892908513597824
"887","Lasioglossum_pauxillum",2003,1,0,1,0.345444618416993
"888","Lasioglossum_pauxillum",2004,1,0,1,2.47889450365631
"889","Lasioglossum_pauxillum",2005,1,0,1,1.38997172751726
"890","Lasioglossum_pauxillum",2006,1,0,1,-0.354061124754135
"891","Lasioglossum_pauxillum",2007,1,0,1,-2.8011377973873
"892","Lasioglossum_pauxillum",2008,1,0,1,-0.0844747233962498
"893","Lasioglossum_pauxillum",2009,1,0,1,-1.28165059162321
"894","Lasioglossum_pauxillum",2010,1,0,1,-0.933694554281291
"895","Lasioglossum_pauxillum",2011,1,0,1,-0.888859464351208
"896","Lasioglossum_pauxillum",2012,1,0,1,-1.55293255040572
"897","Lasioglossum_pauxillum",2013,1,0,1,-0.467959959118914
"898","Lasioglossum_pauxillum",2014,1,0,1,-0.124832311853693
"899","Lasioglossum_pauxillum",2015,1,0,1,0.646469568051787
"900","Osmia_bicornis",1985,1,0,1,-0.0685831120803162
"901","Osmia_bicornis",1986,1,0,1,-0.210479538891109
"902","Osmia_bicornis",1987,1,0,1,-0.347794843072847
"903","Osmia_bicornis",1988,1,0,1,0.0213749702333491
"904","Osmia_bicornis",1989,1,0,1,0.891065763749246
"905","Osmia_bicornis",1990,1,0,1,2.09623485394336
"906","Osmia_bicornis",1991,1,0,1,0.907189502832578
"907","Osmia_bicornis",1992,1,0,1,-0.398793049144172
"908","Osmia_bicornis",1993,1,0,1,0.796585502764308
"909","Osmia_bicornis",1994,1,0,1,0.408848873782097
"910","Osmia_bicornis",1995,1,0,1,-0.148564841034217
"911","Osmia_bicornis",1996,1,0,1,-0.0450724825755279
"912","Osmia_bicornis",1997,1,0,1,0.937177241356326
"913","Osmia_bicornis",1998,1,0,1,-0.194285438777091
"914","Osmia_bicornis",1999,1,0,1,0.302740279791663
"915","Osmia_bicornis",2000,1,0,1,-0.919550658320515
"916","Osmia_bicornis",2001,1,0,1,-0.31270973551498
"917","Osmia_bicornis",2002,1,0,1,-0.805658054481316
"918","Osmia_bicornis",2003,1,0,1,-1.38542573426142
"919","Osmia_bicornis",2004,1,0,1,-0.720062754340463
"920","Osmia_bicornis",2005,1,0,1,-0.482744821813415
"921","Osmia_bicornis",2006,1,0,1,-2.14922547770315
"922","Osmia_bicornis",2007,1,0,1,-1.01752396833537
"923","Osmia_bicornis",2008,1,0,1,1.02101802945641
"924","Osmia_bicornis",2009,1,0,1,-0.846572551305799
"925","Osmia_bicornis",2010,1,0,1,-0.757933760443696
"926","Osmia_bicornis",2011,1,0,1,1.84388572540639
"927","Osmia_bicornis",2012,1,0,1,-0.258533202206358
"928","Osmia_bicornis",2013,1,0,1,2.3040123936443
"929","Osmia_bicornis",2014,1,0,1,-0.818949385935464
"930","Osmia_bicornis",2015,1,0,1,0.358330273277201
